2026-08-07 17:58:15,621 [INFO] Buscando municípios do Paraná na API do IBGE...
2026-08-07 17:58:16,074 [INFO] Sucesso! 399 municípios encontrados.
2026-08-08 11:11:59,017 [INFO] Buscando municípios do Paraná na API do IBGE...
2026-08-08 11:12:09,039 [ERROR] Erro crítico ao buscar municípios do IBGE: HTTPSConnectionPool(host='servicodados.ibge.gov.br', port=443): Max retries exceeded with url: /api/v1/localidades/estados/41/municipios (Caused by NameResolutionError("HTTPSConnection(host='servicodados.ibge.gov.br', port=443): Failed to resolve 'servicodados.ibge.gov.br' ([Errno -3] Temporary failure in name resolution)"))
2026-08-08 11:15:56,821 [INFO] Buscando municípios do Paraná na API do IBGE...
2026-08-08 11:16:43,594 [INFO] Buscando municípios do Paraná na API do IBGE...
2026-08-08 11:17:23,392 [INFO] Buscando municípios do Paraná na API do IBGE...
2026-08-11 10:16:00,836 [INFO] Buscando municípios do Paraná na API do IBGE...
2026-08-11 10:16:01,245 [INFO] Sucesso! 399 municípios encontrados.
2026-08-11 10:19:51,358 [INFO] Buscando municípios do Paraná na API do IBGE...
2026-08-11 10:19:51,717 [INFO] Sucesso! 399 municípios encontrados.
2026-08-11 10:23:41,219 [INFO] Buscando municípios do Paraná na API do IBGE...
2026-08-11 10:23:41,581 [INFO] Sucesso! 399 municípios encontrados.
2026-08-11 10:24:36,916 [INFO] Buscando municípios do Paraná na API do IBGE...
2026-08-11 10:24:37,288 [INFO] Sucesso! 399 municípios encontrados.
2026-08-11 10:24:49,214 [INFO] Buscando municípios do Paraná na API do IBGE...
2026-08-11 10:24:49,544 [INFO] Sucesso! 399 municípios encontrados.
2026-08-12 20:31:59,126 [INFO] Buscando municípios do Paraná na API do IBGE...
2026-08-12 20:31:59,552 [INFO] Sucesso! 399 municípios encontrados.
2026-08-12 20:31:59,555 [INFO] Total de municípios a processar: 399
2026-08-12 20:31:59,558 [INFO] Processando município: 4100103, Abatiá
2026-08-12 20:31:59,560 [INFO] Processando ano: 2021 para município: 4100103
2026-08-12 20:31:59,562 [INFO] Processando ano: 2022 para município: 4100103
2026-08-12 20:31:59,565 [INFO] Processando ano: 2023 para município: 4100103
2026-08-12 20:31:59,567 [INFO] Processando município: 4100202, Adrianópolis
2026-08-12 20:31:59,570 [INFO] Processando ano: 2021 para município: 4100202
2026-08-12 20:31:59,571 [INFO] Processando ano: 2022 para município: 4100202
2026-08-12 20:31:59,573 [INFO] Processando ano: 2023 para município: 4100202
2026-08-12 20:31:59,574 [INFO] Processando município: 4100301, Agudos do Sul
2026-08-12 20:31:59,579 [INFO] Processando ano: 2021 para município: 4100301
2026-08-12 20:31:59,580 [INFO] Processando ano: 2022 para município: 4100301
2026-08-12 20:31:59,582 [INFO] Processando ano: 2023 para município: 4100301
2026-08-12 20:31:59,584 [INFO] Processando município: 4100400, Almirante Tamandaré
2026-08-12 20:31:59,585 [INFO] Processando ano: 2021 para município: 4100400
2026-08-12 20:31:59,586 [INFO] Processando ano: 2022 para município: 4100400
2026-08-12 20:31:59,587 [INFO] Processando ano: 2023 para município: 4100400
2026-08-12 20:31:59,592 [INFO] Processando município: 4100459, Altamira do Paraná
2026-08-12 20:31:59,593 [INFO] Processando ano: 2021 para município: 4100459
2026-08-12 20:31:59,594 [INFO] Processando ano: 2022 para município: 4100459
2026-08-12 20:31:59,595 [INFO] Processando ano: 2023 para município: 4100459
2026-08-12 20:31:59,596 [INFO] Processando município: 4100509, Altônia
2026-08-12 20:31:59,597 [INFO] Processando ano: 2021 para município: 4100509
2026-08-12 20:31:59,598 [INFO] Processando ano: 2022 para município: 4100509
2026-08-12 20:31:59,599 [INFO] Processando ano: 2023 para município: 4100509
2026-08-12 20:31:59,601 [INFO] Processando município: 4100608, Alto Paraná
2026-08-12 20:31:59,602 [INFO] Processando ano: 2021 para município: 4100608
2026-08-12 20:31:59,603 [INFO] Processando ano: 2022 para município: 4100608
2026-08-12 20:31:59,604 [INFO] Processando ano: 2023 para município: 4100608
2026-08-12 20:31:59,605 [INFO] Processando município: 4100707, Alto Piquiri
2026-08-12 20:31:59,610 [INFO] Processando ano: 2021 para município: 4100707
2026-08-12 20:31:59,610 [INFO] Processando ano: 2022 para município: 4100707
2026-08-12 20:31:59,612 [INFO] Processando ano: 2023 para município: 4100707
2026-08-12 20:31:59,613 [INFO] Processando município: 4100806, Alvorada do Sul
2026-08-12 20:31:59,614 [INFO] Processando ano: 2021 para município: 4100806
2026-08-12 20:31:59,615 [INFO] Processando ano: 2022 para município: 4100806
2026-08-12 20:31:59,616 [INFO] Processando ano: 2023 para município: 4100806
2026-08-12 20:31:59,617 [INFO] Processando município: 4100905, Amaporã
2026-08-12 20:31:59,618 [INFO] Processando ano: 2021 para município: 4100905
2026-08-12 20:31:59,619 [INFO] Processando ano: 2022 para município: 4100905
2026-08-12 20:31:59,620 [INFO] Processando ano: 2023 para município: 4100905
2026-08-12 20:31:59,621 [INFO] Processando município: 4101002, Ampére
2026-08-12 20:31:59,624 [INFO] Processando ano: 2021 para município: 4101002
2026-08-12 20:31:59,625 [INFO] Processando ano: 2022 para município: 4101002
2026-08-12 20:31:59,626 [INFO] Processando ano: 2023 para município: 4101002
2026-08-12 20:31:59,627 [INFO] Processando município: 4101051, Anahy
2026-08-12 20:31:59,627 [INFO] Processando ano: 2021 para município: 4101051
2026-08-12 20:31:59,628 [INFO] Processando ano: 2022 para município: 4101051
2026-08-12 20:31:59,630 [INFO] Processando ano: 2023 para município: 4101051
2026-08-12 20:31:59,631 [INFO] Processando município: 4101101, Andirá
2026-08-12 20:31:59,632 [INFO] Processando ano: 2021 para município: 4101101
2026-08-12 20:31:59,633 [INFO] Processando ano: 2022 para município: 4101101
2026-08-12 20:31:59,634 [INFO] Processando ano: 2023 para município: 4101101
2026-08-12 20:31:59,635 [INFO] Processando município: 4101150, Ângulo
2026-08-12 20:31:59,636 [INFO] Processando ano: 2021 para município: 4101150
2026-08-12 20:31:59,640 [INFO] Processando ano: 2022 para município: 4101150
2026-08-12 20:31:59,642 [INFO] Processando ano: 2023 para município: 4101150
2026-08-12 20:31:59,643 [INFO] Processando município: 4101200, Antonina
2026-08-12 20:31:59,644 [INFO] Processando ano: 2021 para município: 4101200
2026-08-12 20:31:59,645 [INFO] Processando ano: 2022 para município: 4101200
2026-08-12 20:31:59,647 [INFO] Processando ano: 2023 para município: 4101200
2026-08-12 20:31:59,648 [INFO] Processando município: 4101309, Antônio Olinto
2026-08-12 20:31:59,649 [INFO] Processando ano: 2021 para município: 4101309
2026-08-12 20:31:59,651 [INFO] Processando ano: 2022 para município: 4101309
2026-08-12 20:31:59,652 [INFO] Processando ano: 2023 para município: 4101309
2026-08-12 20:31:59,653 [INFO] Processando município: 4101408, Apucarana
2026-08-12 20:31:59,654 [INFO] Processando ano: 2021 para município: 4101408
2026-08-12 20:31:59,659 [INFO] Processando ano: 2022 para município: 4101408
2026-08-12 20:31:59,660 [INFO] Processando ano: 2023 para município: 4101408
2026-08-12 20:31:59,661 [INFO] Processando município: 4101507, Arapongas
2026-08-12 20:31:59,662 [INFO] Processando ano: 2021 para município: 4101507
2026-08-12 20:31:59,664 [INFO] Processando ano: 2022 para município: 4101507
2026-08-12 20:31:59,665 [INFO] Processando ano: 2023 para município: 4101507
2026-08-12 20:31:59,670 [INFO] Processando município: 4101606, Arapoti
2026-08-12 20:31:59,672 [INFO] Processando ano: 2021 para município: 4101606
2026-08-12 20:31:59,673 [INFO] Processando ano: 2022 para município: 4101606
2026-08-12 20:31:59,674 [INFO] Processando ano: 2023 para município: 4101606
2026-08-12 20:31:59,675 [INFO] Processando município: 4101655, Arapuã
2026-08-12 20:31:59,677 [INFO] Processando ano: 2021 para município: 4101655
2026-08-12 20:31:59,678 [INFO] Processando ano: 2022 para município: 4101655
2026-08-12 20:31:59,680 [INFO] Processando ano: 2023 para município: 4101655
2026-08-12 20:31:59,681 [INFO] Processando município: 4101705, Araruna
2026-08-12 20:31:59,682 [INFO] Processando ano: 2021 para município: 4101705
2026-08-12 20:31:59,684 [INFO] Processando ano: 2022 para município: 4101705
2026-08-12 20:31:59,685 [INFO] Processando ano: 2023 para município: 4101705
2026-08-12 20:31:59,686 [INFO] Processando município: 4101804, Araucária
2026-08-12 20:31:59,687 [INFO] Processando ano: 2021 para município: 4101804
2026-08-12 20:31:59,688 [INFO] Processando ano: 2022 para município: 4101804
2026-08-12 20:31:59,689 [INFO] Processando ano: 2023 para município: 4101804
2026-08-12 20:31:59,692 [INFO] Processando município: 4101853, Ariranha do Ivaí
2026-08-12 20:31:59,693 [INFO] Processando ano: 2021 para município: 4101853
2026-08-12 20:31:59,694 [INFO] Processando ano: 2022 para município: 4101853
2026-08-12 20:31:59,694 [INFO] Processando ano: 2023 para município: 4101853
2026-08-12 20:31:59,695 [INFO] Processando município: 4101903, Assaí
2026-08-12 20:31:59,696 [INFO] Processando ano: 2021 para município: 4101903
2026-08-12 20:31:59,697 [INFO] Processando ano: 2022 para município: 4101903
2026-08-12 20:31:59,699 [INFO] Processando ano: 2023 para município: 4101903
2026-08-12 20:31:59,699 [INFO] Processando município: 4102000, Assis Chateaubriand
2026-08-12 20:31:59,700 [INFO] Processando ano: 2021 para município: 4102000
2026-08-12 20:31:59,701 [INFO] Processando ano: 2022 para município: 4102000
2026-08-12 20:31:59,702 [INFO] Processando ano: 2023 para município: 4102000
2026-08-12 20:31:59,703 [INFO] Processando município: 4102109, Astorga
2026-08-12 20:31:59,705 [INFO] Processando ano: 2021 para município: 4102109
2026-08-12 20:31:59,706 [INFO] Processando ano: 2022 para município: 4102109
2026-08-12 20:31:59,707 [INFO] Processando ano: 2023 para município: 4102109
2026-08-12 20:31:59,708 [INFO] Processando município: 4102208, Atalaia
2026-08-12 20:31:59,709 [INFO] Processando ano: 2021 para município: 4102208
2026-08-12 20:31:59,710 [INFO] Processando ano: 2022 para município: 4102208
2026-08-12 20:31:59,711 [INFO] Processando ano: 2023 para município: 4102208
2026-08-12 20:31:59,712 [INFO] Processando município: 4102307, Balsa Nova
2026-08-12 20:31:59,714 [INFO] Processando ano: 2021 para município: 4102307
2026-08-12 20:31:59,714 [INFO] Processando ano: 2022 para município: 4102307
2026-08-12 20:31:59,716 [INFO] Processando ano: 2023 para município: 4102307
2026-08-12 20:31:59,717 [INFO] Processando município: 4102406, Bandeirantes
2026-08-12 20:31:59,718 [INFO] Processando ano: 2021 para município: 4102406
2026-08-12 20:31:59,719 [INFO] Processando ano: 2022 para município: 4102406
2026-08-12 20:31:59,720 [INFO] Processando ano: 2023 para município: 4102406
2026-08-12 20:31:59,721 [INFO] Processando município: 4102505, Barbosa Ferraz
2026-08-12 20:31:59,723 [INFO] Processando ano: 2021 para município: 4102505
2026-08-12 20:31:59,724 [INFO] Processando ano: 2022 para município: 4102505
2026-08-12 20:31:59,724 [INFO] Processando ano: 2023 para município: 4102505
2026-08-12 20:31:59,725 [INFO] Processando município: 4102604, Barracão
2026-08-12 20:31:59,726 [INFO] Processando ano: 2021 para município: 4102604
2026-08-12 20:31:59,727 [INFO] Processando ano: 2022 para município: 4102604
2026-08-12 20:31:59,727 [INFO] Processando ano: 2023 para município: 4102604
2026-08-12 20:31:59,730 [INFO] Processando município: 4102703, Barra do Jacaré
2026-08-12 20:31:59,731 [INFO] Processando ano: 2021 para município: 4102703
2026-08-12 20:31:59,732 [INFO] Processando ano: 2022 para município: 4102703
2026-08-12 20:31:59,733 [INFO] Processando ano: 2023 para município: 4102703
2026-08-12 20:31:59,734 [INFO] Processando município: 4102752, Bela Vista da Caroba
2026-08-12 20:31:59,735 [INFO] Processando ano: 2021 para município: 4102752
2026-08-12 20:31:59,736 [INFO] Processando ano: 2022 para município: 4102752
2026-08-12 20:31:59,737 [INFO] Processando ano: 2023 para município: 4102752
2026-08-12 20:31:59,740 [INFO] Processando município: 4102802, Bela Vista do Paraíso
2026-08-12 20:31:59,741 [INFO] Processando ano: 2021 para município: 4102802
2026-08-12 20:31:59,741 [INFO] Processando ano: 2022 para município: 4102802
2026-08-12 20:31:59,742 [INFO] Processando ano: 2023 para município: 4102802
2026-08-12 20:31:59,743 [INFO] Processando município: 4102901, Bituruna
2026-08-12 20:31:59,744 [INFO] Processando ano: 2021 para município: 4102901
2026-08-12 20:31:59,744 [INFO] Processando ano: 2022 para município: 4102901
2026-08-12 20:31:59,745 [INFO] Processando ano: 2023 para município: 4102901
2026-08-12 20:31:59,746 [INFO] Processando município: 4103008, Boa Esperança
2026-08-12 20:31:59,747 [INFO] Processando ano: 2021 para município: 4103008
2026-08-12 20:31:59,748 [INFO] Processando ano: 2022 para município: 4103008
2026-08-12 20:31:59,749 [INFO] Processando ano: 2023 para município: 4103008
2026-08-12 20:31:59,750 [INFO] Processando município: 4103024, Boa Esperança do Iguaçu
2026-08-12 20:31:59,751 [INFO] Processando ano: 2021 para município: 4103024
2026-08-12 20:31:59,752 [INFO] Processando ano: 2022 para município: 4103024
2026-08-12 20:31:59,753 [INFO] Processando ano: 2023 para município: 4103024
2026-08-12 20:31:59,753 [INFO] Processando município: 4103040, Boa Ventura de São Roque
2026-08-12 20:31:59,754 [INFO] Processando ano: 2021 para município: 4103040
2026-08-12 20:31:59,755 [INFO] Processando ano: 2022 para município: 4103040
2026-08-12 20:31:59,755 [INFO] Processando ano: 2023 para município: 4103040
2026-08-12 20:31:59,756 [INFO] Processando município: 4103057, Boa Vista da Aparecida
2026-08-12 20:31:59,757 [INFO] Processando ano: 2021 para município: 4103057
2026-08-12 20:31:59,758 [INFO] Processando ano: 2022 para município: 4103057
2026-08-12 20:31:59,758 [INFO] Processando ano: 2023 para município: 4103057
2026-08-12 20:31:59,759 [INFO] Processando município: 4103107, Bocaiúva do Sul
2026-08-12 20:31:59,760 [INFO] Processando ano: 2021 para município: 4103107
2026-08-12 20:31:59,761 [INFO] Processando ano: 2022 para município: 4103107
2026-08-12 20:31:59,762 [INFO] Processando ano: 2023 para município: 4103107
2026-08-12 20:31:59,763 [INFO] Processando município: 4103156, Bom Jesus do Sul
2026-08-12 20:31:59,765 [INFO] Processando ano: 2021 para município: 4103156
2026-08-12 20:31:59,766 [INFO] Processando ano: 2022 para município: 4103156
2026-08-12 20:31:59,767 [INFO] Processando ano: 2023 para município: 4103156
2026-08-12 20:31:59,768 [INFO] Processando município: 4103206, Bom Sucesso
2026-08-12 20:31:59,769 [INFO] Processando ano: 2021 para município: 4103206
2026-08-12 20:31:59,771 [INFO] Processando ano: 2022 para município: 4103206
2026-08-12 20:31:59,773 [INFO] Processando ano: 2023 para município: 4103206
2026-08-12 20:31:59,774 [INFO] Processando município: 4103222, Bom Sucesso do Sul
2026-08-12 20:31:59,776 [INFO] Processando ano: 2021 para município: 4103222
2026-08-12 20:31:59,779 [INFO] Processando ano: 2022 para município: 4103222
2026-08-12 20:31:59,780 [INFO] Processando ano: 2023 para município: 4103222
2026-08-12 20:31:59,782 [INFO] Processando município: 4103305, Borrazópolis
2026-08-12 20:31:59,784 [INFO] Processando ano: 2021 para município: 4103305
2026-08-12 20:31:59,786 [INFO] Processando ano: 2022 para município: 4103305
2026-08-12 20:31:59,793 [INFO] Processando ano: 2023 para município: 4103305
2026-08-12 20:31:59,794 [INFO] Processando município: 4103354, Braganey
2026-08-12 20:31:59,795 [INFO] Processando ano: 2021 para município: 4103354
2026-08-12 20:31:59,796 [INFO] Processando ano: 2022 para município: 4103354
2026-08-12 20:31:59,797 [INFO] Processando ano: 2023 para município: 4103354
2026-08-12 20:31:59,799 [INFO] Processando município: 4103370, Brasilândia do Sul
2026-08-12 20:31:59,800 [INFO] Processando ano: 2021 para município: 4103370
2026-08-12 20:31:59,801 [INFO] Processando ano: 2022 para município: 4103370
2026-08-12 20:31:59,802 [INFO] Processando ano: 2023 para município: 4103370
2026-08-12 20:31:59,803 [INFO] Processando município: 4103404, Cafeara
2026-08-12 20:31:59,807 [INFO] Processando ano: 2021 para município: 4103404
2026-08-12 20:31:59,809 [INFO] Processando ano: 2022 para município: 4103404
2026-08-12 20:31:59,810 [INFO] Processando ano: 2023 para município: 4103404
2026-08-12 20:31:59,811 [INFO] Processando município: 4103453, Cafelândia
2026-08-12 20:31:59,813 [INFO] Processando ano: 2021 para município: 4103453
2026-08-12 20:31:59,818 [INFO] Processando ano: 2022 para município: 4103453
2026-08-12 20:31:59,819 [INFO] Processando ano: 2023 para município: 4103453
2026-08-12 20:31:59,823 [INFO] Processando município: 4103479, Cafezal do Sul
2026-08-12 20:31:59,824 [INFO] Processando ano: 2021 para município: 4103479
2026-08-12 20:31:59,825 [INFO] Processando ano: 2022 para município: 4103479
2026-08-12 20:31:59,826 [INFO] Processando ano: 2023 para município: 4103479
2026-08-12 20:31:59,827 [INFO] Processando município: 4103503, Califórnia
2026-08-12 20:31:59,828 [INFO] Processando ano: 2021 para município: 4103503
2026-08-12 20:31:59,830 [INFO] Processando ano: 2022 para município: 4103503
2026-08-12 20:31:59,831 [INFO] Processando ano: 2023 para município: 4103503
2026-08-12 20:31:59,832 [INFO] Processando município: 4103602, Cambará
2026-08-12 20:31:59,833 [INFO] Processando ano: 2021 para município: 4103602
2026-08-12 20:31:59,834 [INFO] Processando ano: 2022 para município: 4103602
2026-08-12 20:31:59,835 [INFO] Processando ano: 2023 para município: 4103602
2026-08-12 20:31:59,836 [INFO] Processando município: 4103701, Cambé
2026-08-12 20:31:59,837 [INFO] Processando ano: 2021 para município: 4103701
2026-08-12 20:31:59,840 [INFO] Processando ano: 2022 para município: 4103701
2026-08-12 20:31:59,841 [INFO] Processando ano: 2023 para município: 4103701
2026-08-12 20:31:59,842 [INFO] Processando município: 4103800, Cambira
2026-08-12 20:31:59,843 [INFO] Processando ano: 2021 para município: 4103800
2026-08-12 20:31:59,843 [INFO] Processando ano: 2022 para município: 4103800
2026-08-12 20:31:59,844 [INFO] Processando ano: 2023 para município: 4103800
2026-08-12 20:31:59,845 [INFO] Processando município: 4103909, Campina da Lagoa
2026-08-12 20:31:59,846 [INFO] Processando ano: 2021 para município: 4103909
2026-08-12 20:31:59,848 [INFO] Processando ano: 2022 para município: 4103909
2026-08-12 20:31:59,848 [INFO] Processando ano: 2023 para município: 4103909
2026-08-12 20:31:59,849 [INFO] Processando município: 4103958, Campina do Simão
2026-08-12 20:31:59,850 [INFO] Processando ano: 2021 para município: 4103958
2026-08-12 20:31:59,851 [INFO] Processando ano: 2022 para município: 4103958
2026-08-12 20:31:59,852 [INFO] Processando ano: 2023 para município: 4103958
2026-08-12 20:31:59,853 [INFO] Processando município: 4104006, Campina Grande do Sul
2026-08-12 20:31:59,857 [INFO] Processando ano: 2021 para município: 4104006
2026-08-12 20:31:59,858 [INFO] Processando ano: 2022 para município: 4104006
2026-08-12 20:31:59,858 [INFO] Processando ano: 2023 para município: 4104006
2026-08-12 20:31:59,859 [INFO] Processando município: 4104055, Campo Bonito
2026-08-12 20:31:59,860 [INFO] Processando ano: 2021 para município: 4104055
2026-08-12 20:31:59,861 [INFO] Processando ano: 2022 para município: 4104055
2026-08-12 20:31:59,862 [INFO] Processando ano: 2023 para município: 4104055
2026-08-12 20:31:59,863 [INFO] Processando município: 4104105, Campo do Tenente
2026-08-12 20:31:59,865 [INFO] Processando ano: 2021 para município: 4104105
2026-08-12 20:31:59,866 [INFO] Processando ano: 2022 para município: 4104105
2026-08-12 20:31:59,867 [INFO] Processando ano: 2023 para município: 4104105
2026-08-12 20:31:59,868 [INFO] Processando município: 4104204, Campo Largo
2026-08-12 20:31:59,869 [INFO] Processando ano: 2021 para município: 4104204
2026-08-12 20:31:59,869 [INFO] Processando ano: 2022 para município: 4104204
2026-08-12 20:31:59,872 [INFO] Processando ano: 2023 para município: 4104204
2026-08-12 20:31:59,873 [INFO] Processando município: 4104253, Campo Magro
2026-08-12 20:31:59,874 [INFO] Processando ano: 2021 para município: 4104253
2026-08-12 20:31:59,875 [INFO] Processando ano: 2022 para município: 4104253
2026-08-12 20:31:59,876 [INFO] Processando ano: 2023 para município: 4104253
2026-08-12 20:31:59,876 [INFO] Processando município: 4104303, Campo Mourão
2026-08-12 20:31:59,877 [INFO] Processando ano: 2021 para município: 4104303
2026-08-12 20:31:59,879 [INFO] Processando ano: 2022 para município: 4104303
2026-08-12 20:31:59,880 [INFO] Processando ano: 2023 para município: 4104303
2026-08-12 20:31:59,881 [INFO] Processando município: 4104402, Cândido de Abreu
2026-08-12 20:31:59,882 [INFO] Processando ano: 2021 para município: 4104402
2026-08-12 20:31:59,882 [INFO] Processando ano: 2022 para município: 4104402
2026-08-12 20:31:59,884 [INFO] Processando ano: 2023 para município: 4104402
2026-08-12 20:31:59,885 [INFO] Processando município: 4104428, Candói
2026-08-12 20:31:59,885 [INFO] Processando ano: 2021 para município: 4104428
2026-08-12 20:31:59,886 [INFO] Processando ano: 2022 para município: 4104428
2026-08-12 20:31:59,889 [INFO] Processando ano: 2023 para município: 4104428
2026-08-12 20:31:59,890 [INFO] Processando município: 4104451, Cantagalo
2026-08-12 20:31:59,931 [INFO] Processando ano: 2021 para município: 4104451
2026-08-12 20:31:59,978 [INFO] Processando ano: 2022 para município: 4104451
2026-08-12 20:32:00,032 [INFO] Processando ano: 2023 para município: 4104451
2026-08-12 20:32:00,040 [INFO] Processando município: 4104501, Capanema
2026-08-12 20:32:00,046 [INFO] Processando ano: 2021 para município: 4104501
2026-08-12 20:32:00,052 [INFO] Processando ano: 2022 para município: 4104501
2026-08-12 20:32:00,103 [INFO] Processando ano: 2023 para município: 4104501
2026-08-12 20:32:00,105 [INFO] Processando município: 4104600, Capitão Leônidas Marques
2026-08-12 20:32:00,106 [INFO] Processando ano: 2021 para município: 4104600
2026-08-12 20:32:00,107 [INFO] Processando ano: 2022 para município: 4104600
2026-08-12 20:32:00,108 [INFO] Processando ano: 2023 para município: 4104600
2026-08-12 20:32:00,109 [INFO] Processando município: 4104659, Carambeí
2026-08-12 20:32:00,110 [INFO] Processando ano: 2021 para município: 4104659
2026-08-12 20:32:00,111 [INFO] Processando ano: 2022 para município: 4104659
2026-08-12 20:32:00,112 [INFO] Processando ano: 2023 para município: 4104659
2026-08-12 20:32:00,113 [INFO] Processando município: 4104709, Carlópolis
2026-08-12 20:32:00,114 [INFO] Processando ano: 2021 para município: 4104709
2026-08-12 20:32:00,116 [INFO] Processando ano: 2022 para município: 4104709
2026-08-12 20:32:00,119 [INFO] Processando ano: 2023 para município: 4104709
2026-08-12 20:32:00,120 [INFO] Processando município: 4104808, Cascavel
2026-08-12 20:32:00,121 [INFO] Processando ano: 2021 para município: 4104808
2026-08-12 20:32:00,122 [INFO] Processando ano: 2022 para município: 4104808
2026-08-12 20:32:00,122 [INFO] Processando ano: 2023 para município: 4104808
2026-08-12 20:32:00,123 [INFO] Processando município: 4104907, Castro
2026-08-12 20:32:00,124 [INFO] Processando ano: 2021 para município: 4104907
2026-08-12 20:32:00,126 [INFO] Processando ano: 2022 para município: 4104907
2026-08-12 20:32:00,127 [INFO] Processando ano: 2023 para município: 4104907
2026-08-12 20:32:00,128 [INFO] Processando município: 4105003, Catanduvas
2026-08-12 20:32:00,129 [INFO] Processando ano: 2021 para município: 4105003
2026-08-12 20:32:00,130 [INFO] Processando ano: 2022 para município: 4105003
2026-08-12 20:32:00,131 [INFO] Processando ano: 2023 para município: 4105003
2026-08-12 20:32:00,135 [INFO] Processando município: 4105102, Centenário do Sul
2026-08-12 20:32:00,136 [INFO] Processando ano: 2021 para município: 4105102
2026-08-12 20:32:00,137 [INFO] Processando ano: 2022 para município: 4105102
2026-08-12 20:32:00,138 [INFO] Processando ano: 2023 para município: 4105102
2026-08-12 20:32:00,139 [INFO] Processando município: 4105201, Cerro Azul
2026-08-12 20:32:00,140 [INFO] Processando ano: 2021 para município: 4105201
2026-08-12 20:32:00,140 [INFO] Processando ano: 2022 para município: 4105201
2026-08-12 20:32:00,142 [INFO] Processando ano: 2023 para município: 4105201
2026-08-12 20:32:00,143 [INFO] Processando município: 4105300, Céu Azul
2026-08-12 20:32:00,144 [INFO] Processando ano: 2021 para município: 4105300
2026-08-12 20:32:00,145 [INFO] Processando ano: 2022 para município: 4105300
2026-08-12 20:32:00,146 [INFO] Processando ano: 2023 para município: 4105300
2026-08-12 20:32:00,147 [INFO] Processando município: 4105409, Chopinzinho
2026-08-12 20:32:00,151 [INFO] Processando ano: 2021 para município: 4105409
2026-08-12 20:32:00,153 [INFO] Processando ano: 2022 para município: 4105409
2026-08-12 20:32:00,153 [INFO] Processando ano: 2023 para município: 4105409
2026-08-12 20:32:00,154 [INFO] Processando município: 4105508, Cianorte
2026-08-12 20:32:00,155 [INFO] Processando ano: 2021 para município: 4105508
2026-08-12 20:32:00,156 [INFO] Processando ano: 2022 para município: 4105508
2026-08-12 20:32:00,158 [INFO] Processando ano: 2023 para município: 4105508
2026-08-12 20:32:00,159 [INFO] Processando município: 4105607, Cidade Gaúcha
2026-08-12 20:32:00,160 [INFO] Processando ano: 2021 para município: 4105607
2026-08-12 20:32:00,161 [INFO] Processando ano: 2022 para município: 4105607
2026-08-12 20:32:00,162 [INFO] Processando ano: 2023 para município: 4105607
2026-08-12 20:32:00,163 [INFO] Processando município: 4105706, Clevelândia
2026-08-12 20:32:00,168 [INFO] Processando ano: 2021 para município: 4105706
2026-08-12 20:32:00,169 [INFO] Processando ano: 2022 para município: 4105706
2026-08-12 20:32:00,170 [INFO] Processando ano: 2023 para município: 4105706
2026-08-12 20:32:00,171 [INFO] Processando município: 4105805, Colombo
2026-08-12 20:32:00,172 [INFO] Processando ano: 2021 para município: 4105805
2026-08-12 20:32:00,173 [INFO] Processando ano: 2022 para município: 4105805
2026-08-12 20:32:00,174 [INFO] Processando ano: 2023 para município: 4105805
2026-08-12 20:32:00,177 [INFO] Processando município: 4105904, Colorado
2026-08-12 20:32:00,178 [INFO] Processando ano: 2021 para município: 4105904
2026-08-12 20:32:00,179 [INFO] Processando ano: 2022 para município: 4105904
2026-08-12 20:32:00,180 [INFO] Processando ano: 2023 para município: 4105904
2026-08-12 20:32:00,186 [INFO] Processando município: 4106001, Congonhinhas
2026-08-12 20:32:00,187 [INFO] Processando ano: 2021 para município: 4106001
2026-08-12 20:32:00,188 [INFO] Processando ano: 2022 para município: 4106001
2026-08-12 20:32:00,189 [INFO] Processando ano: 2023 para município: 4106001
2026-08-12 20:32:00,190 [INFO] Processando município: 4106100, Conselheiro Mairinck
2026-08-12 20:32:00,191 [INFO] Processando ano: 2021 para município: 4106100
2026-08-12 20:32:00,194 [INFO] Processando ano: 2022 para município: 4106100
2026-08-12 20:32:00,195 [INFO] Processando ano: 2023 para município: 4106100
2026-08-12 20:32:00,196 [INFO] Processando município: 4106209, Contenda
2026-08-12 20:32:00,200 [INFO] Processando ano: 2021 para município: 4106209
2026-08-12 20:32:00,203 [INFO] Processando ano: 2022 para município: 4106209
2026-08-12 20:32:00,204 [INFO] Processando ano: 2023 para município: 4106209
2026-08-12 20:32:00,207 [INFO] Processando município: 4106308, Corbélia
2026-08-12 20:32:00,208 [INFO] Processando ano: 2021 para município: 4106308
2026-08-12 20:32:00,211 [INFO] Processando ano: 2022 para município: 4106308
2026-08-12 20:32:00,212 [INFO] Processando ano: 2023 para município: 4106308
2026-08-12 20:32:00,214 [INFO] Processando município: 4106407, Cornélio Procópio
2026-08-12 20:32:00,218 [INFO] Processando ano: 2021 para município: 4106407
2026-08-12 20:32:00,219 [INFO] Processando ano: 2022 para município: 4106407
2026-08-12 20:32:00,220 [INFO] Processando ano: 2023 para município: 4106407
2026-08-12 20:32:00,220 [INFO] Processando município: 4106456, Coronel Domingos Soares
2026-08-12 20:32:00,221 [INFO] Processando ano: 2021 para município: 4106456
2026-08-12 20:32:00,222 [INFO] Processando ano: 2022 para município: 4106456
2026-08-12 20:32:00,223 [INFO] Processando ano: 2023 para município: 4106456
2026-08-12 20:32:00,223 [INFO] Processando município: 4106506, Coronel Vivida
2026-08-12 20:32:00,225 [INFO] Processando ano: 2021 para município: 4106506
2026-08-12 20:32:00,226 [INFO] Processando ano: 2022 para município: 4106506
2026-08-12 20:32:00,227 [INFO] Processando ano: 2023 para município: 4106506
2026-08-12 20:32:00,228 [INFO] Processando município: 4106555, Corumbataí do Sul
2026-08-12 20:32:00,228 [INFO] Processando ano: 2021 para município: 4106555
2026-08-12 20:32:00,229 [INFO] Processando ano: 2022 para município: 4106555
2026-08-12 20:32:00,230 [INFO] Processando ano: 2023 para município: 4106555
2026-08-12 20:32:00,231 [INFO] Processando município: 4106571, Cruzeiro do Iguaçu
2026-08-12 20:32:00,232 [INFO] Processando ano: 2021 para município: 4106571
2026-08-12 20:32:00,234 [INFO] Processando ano: 2022 para município: 4106571
2026-08-12 20:32:00,236 [INFO] Processando ano: 2023 para município: 4106571
2026-08-12 20:32:00,237 [INFO] Processando município: 4106605, Cruzeiro do Oeste
2026-08-12 20:32:00,238 [INFO] Processando ano: 2021 para município: 4106605
2026-08-12 20:32:00,238 [INFO] Processando ano: 2022 para município: 4106605
2026-08-12 20:32:00,239 [INFO] Processando ano: 2023 para município: 4106605
2026-08-12 20:32:00,240 [INFO] Processando município: 4106704, Cruzeiro do Sul
2026-08-12 20:32:00,241 [INFO] Processando ano: 2021 para município: 4106704
2026-08-12 20:32:00,242 [INFO] Processando ano: 2022 para município: 4106704
2026-08-12 20:32:00,243 [INFO] Processando ano: 2023 para município: 4106704
2026-08-12 20:32:00,244 [INFO] Processando município: 4106803, Cruz Machado
2026-08-12 20:32:00,244 [INFO] Processando ano: 2021 para município: 4106803
2026-08-12 20:32:00,245 [INFO] Processando ano: 2022 para município: 4106803
2026-08-12 20:32:00,246 [INFO] Processando ano: 2023 para município: 4106803
2026-08-12 20:32:00,247 [INFO] Processando município: 4106852, Cruzmaltina
2026-08-12 20:32:00,249 [INFO] Processando ano: 2021 para município: 4106852
2026-08-12 20:32:00,251 [INFO] Processando ano: 2022 para município: 4106852
2026-08-12 20:32:00,252 [INFO] Processando ano: 2023 para município: 4106852
2026-08-12 20:32:00,253 [INFO] Processando município: 4106902, Curitiba
2026-08-12 20:32:00,254 [INFO] Processando ano: 2021 para município: 4106902
2026-08-12 20:32:00,255 [INFO] Processando ano: 2022 para município: 4106902
2026-08-12 20:32:00,255 [INFO] Processando ano: 2023 para município: 4106902
2026-08-12 20:32:00,256 [INFO] Processando município: 4107009, Curiúva
2026-08-12 20:32:00,257 [INFO] Processando ano: 2021 para município: 4107009
2026-08-12 20:32:00,258 [INFO] Processando ano: 2022 para município: 4107009
2026-08-12 20:32:00,259 [INFO] Processando ano: 2023 para município: 4107009
2026-08-12 20:32:00,259 [INFO] Processando município: 4107108, Diamante do Norte
2026-08-12 20:32:00,260 [INFO] Processando ano: 2021 para município: 4107108
2026-08-12 20:32:00,261 [INFO] Processando ano: 2022 para município: 4107108
2026-08-12 20:32:00,262 [INFO] Processando ano: 2023 para município: 4107108
2026-08-12 20:32:00,263 [INFO] Processando município: 4107124, Diamante do Sul
2026-08-12 20:32:00,263 [INFO] Processando ano: 2021 para município: 4107124
2026-08-12 20:32:00,266 [INFO] Processando ano: 2022 para município: 4107124
2026-08-12 20:32:00,269 [INFO] Processando ano: 2023 para município: 4107124
2026-08-12 20:32:00,270 [INFO] Processando município: 4107157, Diamante D'Oeste
2026-08-12 20:32:00,271 [INFO] Processando ano: 2021 para município: 4107157
2026-08-12 20:32:00,272 [INFO] Processando ano: 2022 para município: 4107157
2026-08-12 20:32:00,273 [INFO] Processando ano: 2023 para município: 4107157
2026-08-12 20:32:00,274 [INFO] Processando município: 4107207, Dois Vizinhos
2026-08-12 20:32:00,275 [INFO] Processando ano: 2021 para município: 4107207
2026-08-12 20:32:00,276 [INFO] Processando ano: 2022 para município: 4107207
2026-08-12 20:32:00,277 [INFO] Processando ano: 2023 para município: 4107207
2026-08-12 20:32:00,278 [INFO] Processando município: 4107256, Douradina
2026-08-12 20:32:00,278 [INFO] Processando ano: 2021 para município: 4107256
2026-08-12 20:32:00,279 [INFO] Processando ano: 2022 para município: 4107256
2026-08-12 20:32:00,280 [INFO] Processando ano: 2023 para município: 4107256
2026-08-12 20:32:00,283 [INFO] Processando município: 4107306, Doutor Camargo
2026-08-12 20:32:00,285 [INFO] Processando ano: 2021 para município: 4107306
2026-08-12 20:32:00,286 [INFO] Processando ano: 2022 para município: 4107306
2026-08-12 20:32:00,287 [INFO] Processando ano: 2023 para município: 4107306
2026-08-12 20:32:00,288 [INFO] Processando município: 4107405, Enéas Marques
2026-08-12 20:32:00,289 [INFO] Processando ano: 2021 para município: 4107405
2026-08-12 20:32:00,289 [INFO] Processando ano: 2022 para município: 4107405
2026-08-12 20:32:00,290 [INFO] Processando ano: 2023 para município: 4107405
2026-08-12 20:32:00,291 [INFO] Processando município: 4107504, Engenheiro Beltrão
2026-08-12 20:32:00,292 [INFO] Processando ano: 2021 para município: 4107504
2026-08-12 20:32:00,294 [INFO] Processando ano: 2022 para município: 4107504
2026-08-12 20:32:00,295 [INFO] Processando ano: 2023 para município: 4107504
2026-08-12 20:32:00,295 [INFO] Processando município: 4107520, Esperança Nova
2026-08-12 20:32:00,296 [INFO] Processando ano: 2021 para município: 4107520
2026-08-12 20:32:00,298 [INFO] Processando ano: 2022 para município: 4107520
2026-08-12 20:32:00,300 [INFO] Processando ano: 2023 para município: 4107520
2026-08-12 20:32:00,302 [INFO] Processando município: 4107538, Entre Rios do Oeste
2026-08-12 20:32:00,303 [INFO] Processando ano: 2021 para município: 4107538
2026-08-12 20:32:00,304 [INFO] Processando ano: 2022 para município: 4107538
2026-08-12 20:32:00,305 [INFO] Processando ano: 2023 para município: 4107538
2026-08-12 20:32:00,306 [INFO] Processando município: 4107546, Espigão Alto do Iguaçu
2026-08-12 20:32:00,307 [INFO] Processando ano: 2021 para município: 4107546
2026-08-12 20:32:00,307 [INFO] Processando ano: 2022 para município: 4107546
2026-08-12 20:32:00,308 [INFO] Processando ano: 2023 para município: 4107546
2026-08-12 20:32:00,309 [INFO] Processando município: 4107553, Farol
2026-08-12 20:32:00,310 [INFO] Processando ano: 2021 para município: 4107553
2026-08-12 20:32:00,312 [INFO] Processando ano: 2022 para município: 4107553
2026-08-12 20:32:00,312 [INFO] Processando ano: 2023 para município: 4107553
2026-08-12 20:32:00,313 [INFO] Processando município: 4107603, Faxinal
2026-08-12 20:32:00,314 [INFO] Processando ano: 2021 para município: 4107603
2026-08-12 20:32:00,317 [INFO] Processando ano: 2022 para município: 4107603
2026-08-12 20:32:00,318 [INFO] Processando ano: 2023 para município: 4107603
2026-08-12 20:32:00,320 [INFO] Processando município: 4107652, Fazenda Rio Grande
2026-08-12 20:32:00,321 [INFO] Processando ano: 2021 para município: 4107652
2026-08-12 20:32:00,322 [INFO] Processando ano: 2022 para município: 4107652
2026-08-12 20:32:00,322 [INFO] Processando ano: 2023 para município: 4107652
2026-08-12 20:32:00,323 [INFO] Processando município: 4107702, Fênix
2026-08-12 20:32:00,324 [INFO] Processando ano: 2021 para município: 4107702
2026-08-12 20:32:00,325 [INFO] Processando ano: 2022 para município: 4107702
2026-08-12 20:32:00,326 [INFO] Processando ano: 2023 para município: 4107702
2026-08-12 20:32:00,327 [INFO] Processando município: 4107736, Fernandes Pinheiro
2026-08-12 20:32:00,328 [INFO] Processando ano: 2021 para município: 4107736
2026-08-12 20:32:00,329 [INFO] Processando ano: 2022 para município: 4107736
2026-08-12 20:32:00,330 [INFO] Processando ano: 2023 para município: 4107736
2026-08-12 20:32:00,331 [INFO] Processando município: 4107751, Figueira
2026-08-12 20:32:00,333 [INFO] Processando ano: 2021 para município: 4107751
2026-08-12 20:32:00,334 [INFO] Processando ano: 2022 para município: 4107751
2026-08-12 20:32:00,335 [INFO] Processando ano: 2023 para município: 4107751
2026-08-12 20:32:00,336 [INFO] Processando município: 4107801, Floraí
2026-08-12 20:32:00,337 [INFO] Processando ano: 2021 para município: 4107801
2026-08-12 20:32:00,338 [INFO] Processando ano: 2022 para município: 4107801
2026-08-12 20:32:00,340 [INFO] Processando ano: 2023 para município: 4107801
2026-08-12 20:32:00,342 [INFO] Processando município: 4107850, Flor da Serra do Sul
2026-08-12 20:32:00,343 [INFO] Processando ano: 2021 para município: 4107850
2026-08-12 20:32:00,344 [INFO] Processando ano: 2022 para município: 4107850
2026-08-12 20:32:00,345 [INFO] Processando ano: 2023 para município: 4107850
2026-08-12 20:32:00,346 [INFO] Processando município: 4107900, Floresta
2026-08-12 20:32:00,347 [INFO] Processando ano: 2021 para município: 4107900
2026-08-12 20:32:00,349 [INFO] Processando ano: 2022 para município: 4107900
2026-08-12 20:32:00,351 [INFO] Processando ano: 2023 para município: 4107900
2026-08-12 20:32:00,352 [INFO] Processando município: 4108007, Florestópolis
2026-08-12 20:32:00,352 [INFO] Processando ano: 2021 para município: 4108007
2026-08-12 20:32:00,353 [INFO] Processando ano: 2022 para município: 4108007
2026-08-12 20:32:00,354 [INFO] Processando ano: 2023 para município: 4108007
2026-08-12 20:32:00,356 [INFO] Processando município: 4108106, Flórida
2026-08-12 20:32:00,357 [INFO] Processando ano: 2021 para município: 4108106
2026-08-12 20:32:00,358 [INFO] Processando ano: 2022 para município: 4108106
2026-08-12 20:32:00,358 [INFO] Processando ano: 2023 para município: 4108106
2026-08-12 20:32:00,359 [INFO] Processando município: 4108205, Formosa do Oeste
2026-08-12 20:32:00,360 [INFO] Processando ano: 2021 para município: 4108205
2026-08-12 20:32:00,361 [INFO] Processando ano: 2022 para município: 4108205
2026-08-12 20:32:00,363 [INFO] Processando ano: 2023 para município: 4108205
2026-08-12 20:32:00,364 [INFO] Processando município: 4108304, Foz do Iguaçu
2026-08-12 20:32:00,366 [INFO] Processando ano: 2021 para município: 4108304
2026-08-12 20:32:00,368 [INFO] Processando ano: 2022 para município: 4108304
2026-08-12 20:32:00,369 [INFO] Processando ano: 2023 para município: 4108304
2026-08-12 20:32:00,371 [INFO] Processando município: 4108320, Francisco Alves
2026-08-12 20:32:00,372 [INFO] Processando ano: 2021 para município: 4108320
2026-08-12 20:32:00,372 [INFO] Processando ano: 2022 para município: 4108320
2026-08-12 20:32:00,373 [INFO] Processando ano: 2023 para município: 4108320
2026-08-12 20:32:00,374 [INFO] Processando município: 4108403, Francisco Beltrão
2026-08-12 20:32:00,375 [INFO] Processando ano: 2021 para município: 4108403
2026-08-12 20:32:00,376 [INFO] Processando ano: 2022 para município: 4108403
2026-08-12 20:32:00,377 [INFO] Processando ano: 2023 para município: 4108403
2026-08-12 20:32:00,378 [INFO] Processando município: 4108452, Foz do Jordão
2026-08-12 20:32:00,378 [INFO] Processando ano: 2021 para município: 4108452
2026-08-12 20:32:00,379 [INFO] Processando ano: 2022 para município: 4108452
2026-08-12 20:32:00,380 [INFO] Processando ano: 2023 para município: 4108452
2026-08-12 20:32:00,383 [INFO] Processando município: 4108502, General Carneiro
2026-08-12 20:32:00,384 [INFO] Processando ano: 2021 para município: 4108502
2026-08-12 20:32:00,385 [INFO] Processando ano: 2022 para município: 4108502
2026-08-12 20:32:00,386 [INFO] Processando ano: 2023 para município: 4108502
2026-08-12 20:32:00,387 [INFO] Processando município: 4108551, Godoy Moreira
2026-08-12 20:32:00,388 [INFO] Processando ano: 2021 para município: 4108551
2026-08-12 20:32:00,389 [INFO] Processando ano: 2022 para município: 4108551
2026-08-12 20:32:00,390 [INFO] Processando ano: 2023 para município: 4108551
2026-08-12 20:32:00,391 [INFO] Processando município: 4108601, Goioerê
2026-08-12 20:32:00,392 [INFO] Processando ano: 2021 para município: 4108601
2026-08-12 20:32:00,393 [INFO] Processando ano: 2022 para município: 4108601
2026-08-12 20:32:00,394 [INFO] Processando ano: 2023 para município: 4108601
2026-08-12 20:32:00,395 [INFO] Processando município: 4108650, Goioxim
2026-08-12 20:32:00,396 [INFO] Processando ano: 2021 para município: 4108650
2026-08-12 20:32:00,396 [INFO] Processando ano: 2022 para município: 4108650
2026-08-12 20:32:00,398 [INFO] Processando ano: 2023 para município: 4108650
2026-08-12 20:32:00,400 [INFO] Processando município: 4108700, Grandes Rios
2026-08-12 20:32:00,401 [INFO] Processando ano: 2021 para município: 4108700
2026-08-12 20:32:00,402 [INFO] Processando ano: 2022 para município: 4108700
2026-08-12 20:32:00,403 [INFO] Processando ano: 2023 para município: 4108700
2026-08-12 20:32:00,404 [INFO] Processando município: 4108809, Guaíra
2026-08-12 20:32:00,405 [INFO] Processando ano: 2021 para município: 4108809
2026-08-12 20:32:00,406 [INFO] Processando ano: 2022 para município: 4108809
2026-08-12 20:32:00,408 [INFO] Processando ano: 2023 para município: 4108809
2026-08-12 20:32:00,409 [INFO] Processando município: 4108908, Guairaçá
2026-08-12 20:32:00,410 [INFO] Processando ano: 2021 para município: 4108908
2026-08-12 20:32:00,411 [INFO] Processando ano: 2022 para município: 4108908
2026-08-12 20:32:00,411 [INFO] Processando ano: 2023 para município: 4108908
2026-08-12 20:32:00,412 [INFO] Processando município: 4108957, Guamiranga
2026-08-12 20:32:00,415 [INFO] Processando ano: 2021 para município: 4108957
2026-08-12 20:32:00,417 [INFO] Processando ano: 2022 para município: 4108957
2026-08-12 20:32:00,418 [INFO] Processando ano: 2023 para município: 4108957
2026-08-12 20:32:00,419 [INFO] Processando município: 4109005, Guapirama
2026-08-12 20:32:00,420 [INFO] Processando ano: 2021 para município: 4109005
2026-08-12 20:32:00,421 [INFO] Processando ano: 2022 para município: 4109005
2026-08-12 20:32:00,421 [INFO] Processando ano: 2023 para município: 4109005
2026-08-12 20:32:00,422 [INFO] Processando município: 4109104, Guaporema
2026-08-12 20:32:00,423 [INFO] Processando ano: 2021 para município: 4109104
2026-08-12 20:32:00,424 [INFO] Processando ano: 2022 para município: 4109104
2026-08-12 20:32:00,426 [INFO] Processando ano: 2023 para município: 4109104
2026-08-12 20:32:00,426 [INFO] Processando município: 4109203, Guaraci
2026-08-12 20:32:00,427 [INFO] Processando ano: 2021 para município: 4109203
2026-08-12 20:32:00,428 [INFO] Processando ano: 2022 para município: 4109203
2026-08-12 20:32:00,429 [INFO] Processando ano: 2023 para município: 4109203
2026-08-12 20:32:00,431 [INFO] Processando município: 4109302, Guaraniaçu
2026-08-12 20:32:00,434 [INFO] Processando ano: 2021 para município: 4109302
2026-08-12 20:32:00,435 [INFO] Processando ano: 2022 para município: 4109302
2026-08-12 20:32:00,436 [INFO] Processando ano: 2023 para município: 4109302
2026-08-12 20:32:00,437 [INFO] Processando município: 4109401, Guarapuava
2026-08-12 20:32:00,438 [INFO] Processando ano: 2021 para município: 4109401
2026-08-12 20:32:00,438 [INFO] Processando ano: 2022 para município: 4109401
2026-08-12 20:32:00,439 [INFO] Processando ano: 2023 para município: 4109401
2026-08-12 20:32:00,440 [INFO] Processando município: 4109500, Guaraqueçaba
2026-08-12 20:32:00,441 [INFO] Processando ano: 2021 para município: 4109500
2026-08-12 20:32:00,442 [INFO] Processando ano: 2022 para município: 4109500
2026-08-12 20:32:00,443 [INFO] Processando ano: 2023 para município: 4109500
2026-08-12 20:32:00,444 [INFO] Processando município: 4109609, Guaratuba
2026-08-12 20:32:00,445 [INFO] Processando ano: 2021 para município: 4109609
2026-08-12 20:32:00,446 [INFO] Processando ano: 2022 para município: 4109609
2026-08-12 20:32:00,447 [INFO] Processando ano: 2023 para município: 4109609
2026-08-12 20:32:00,449 [INFO] Processando município: 4109658, Honório Serpa
2026-08-12 20:32:00,450 [INFO] Processando ano: 2021 para município: 4109658
2026-08-12 20:32:00,451 [INFO] Processando ano: 2022 para município: 4109658
2026-08-12 20:32:00,452 [INFO] Processando ano: 2023 para município: 4109658
2026-08-12 20:32:00,453 [INFO] Processando município: 4109708, Ibaiti
2026-08-12 20:32:00,453 [INFO] Processando ano: 2021 para município: 4109708
2026-08-12 20:32:00,454 [INFO] Processando ano: 2022 para município: 4109708
2026-08-12 20:32:00,455 [INFO] Processando ano: 2023 para município: 4109708
2026-08-12 20:32:00,456 [INFO] Processando município: 4109757, Ibema
2026-08-12 20:32:00,457 [INFO] Processando ano: 2021 para município: 4109757
2026-08-12 20:32:00,458 [INFO] Processando ano: 2022 para município: 4109757
2026-08-12 20:32:00,459 [INFO] Processando ano: 2023 para município: 4109757
2026-08-12 20:32:00,459 [INFO] Processando município: 4109807, Ibiporã
2026-08-12 20:32:00,460 [INFO] Processando ano: 2021 para município: 4109807
2026-08-12 20:32:00,461 [INFO] Processando ano: 2022 para município: 4109807
2026-08-12 20:32:00,462 [INFO] Processando ano: 2023 para município: 4109807
2026-08-12 20:32:00,463 [INFO] Processando município: 4109906, Icaraíma
2026-08-12 20:32:00,465 [INFO] Processando ano: 2021 para município: 4109906
2026-08-12 20:32:00,466 [INFO] Processando ano: 2022 para município: 4109906
2026-08-12 20:32:00,467 [INFO] Processando ano: 2023 para município: 4109906
2026-08-12 20:32:00,468 [INFO] Processando município: 4110003, Iguaraçu
2026-08-12 20:32:00,469 [INFO] Processando ano: 2021 para município: 4110003
2026-08-12 20:32:00,470 [INFO] Processando ano: 2022 para município: 4110003
2026-08-12 20:32:00,471 [INFO] Processando ano: 2023 para município: 4110003
2026-08-12 20:32:00,472 [INFO] Processando município: 4110052, Iguatu
2026-08-12 20:32:00,472 [INFO] Processando ano: 2021 para município: 4110052
2026-08-12 20:32:00,473 [INFO] Processando ano: 2022 para município: 4110052
2026-08-12 20:32:00,474 [INFO] Processando ano: 2023 para município: 4110052
2026-08-12 20:32:00,475 [INFO] Processando município: 4110078, Imbaú
2026-08-12 20:32:00,476 [INFO] Processando ano: 2021 para município: 4110078
2026-08-12 20:32:00,477 [INFO] Processando ano: 2022 para município: 4110078
2026-08-12 20:32:00,477 [INFO] Processando ano: 2023 para município: 4110078
2026-08-12 20:32:00,478 [INFO] Processando município: 4110102, Imbituva
2026-08-12 20:32:00,479 [INFO] Processando ano: 2021 para município: 4110102
2026-08-12 20:32:00,480 [INFO] Processando ano: 2022 para município: 4110102
2026-08-12 20:32:00,482 [INFO] Processando ano: 2023 para município: 4110102
2026-08-12 20:32:00,483 [INFO] Processando município: 4110201, Inácio Martins
2026-08-12 20:32:00,484 [INFO] Processando ano: 2021 para município: 4110201
2026-08-12 20:32:00,484 [INFO] Processando ano: 2022 para município: 4110201
2026-08-12 20:32:00,485 [INFO] Processando ano: 2023 para município: 4110201
2026-08-12 20:32:00,486 [INFO] Processando município: 4110300, Inajá
2026-08-12 20:32:00,487 [INFO] Processando ano: 2021 para município: 4110300
2026-08-12 20:32:00,488 [INFO] Processando ano: 2022 para município: 4110300
2026-08-12 20:32:00,489 [INFO] Processando ano: 2023 para município: 4110300
2026-08-12 20:32:00,490 [INFO] Processando município: 4110409, Indianópolis
2026-08-12 20:32:00,491 [INFO] Processando ano: 2021 para município: 4110409
2026-08-12 20:32:00,491 [INFO] Processando ano: 2022 para município: 4110409
2026-08-12 20:32:00,492 [INFO] Processando ano: 2023 para município: 4110409
2026-08-12 20:32:00,493 [INFO] Processando município: 4110508, Ipiranga
2026-08-12 20:32:00,494 [INFO] Processando ano: 2021 para município: 4110508
2026-08-12 20:32:00,495 [INFO] Processando ano: 2022 para município: 4110508
2026-08-12 20:32:00,495 [INFO] Processando ano: 2023 para município: 4110508
2026-08-12 20:32:00,496 [INFO] Processando município: 4110607, Iporã
2026-08-12 20:32:00,498 [INFO] Processando ano: 2021 para município: 4110607
2026-08-12 20:32:00,500 [INFO] Processando ano: 2022 para município: 4110607
2026-08-12 20:32:00,501 [INFO] Processando ano: 2023 para município: 4110607
2026-08-12 20:32:00,502 [INFO] Processando município: 4110656, Iracema do Oeste
2026-08-12 20:32:00,503 [INFO] Processando ano: 2021 para município: 4110656
2026-08-12 20:32:00,504 [INFO] Processando ano: 2022 para município: 4110656
2026-08-12 20:32:00,505 [INFO] Processando ano: 2023 para município: 4110656
2026-08-12 20:32:00,506 [INFO] Processando município: 4110706, Irati
2026-08-12 20:32:00,506 [INFO] Processando ano: 2021 para município: 4110706
2026-08-12 20:32:00,507 [INFO] Processando ano: 2022 para município: 4110706
2026-08-12 20:32:00,508 [INFO] Processando ano: 2023 para município: 4110706
2026-08-12 20:32:00,509 [INFO] Processando município: 4110805, Iretama
2026-08-12 20:32:00,510 [INFO] Processando ano: 2021 para município: 4110805
2026-08-12 20:32:00,511 [INFO] Processando ano: 2022 para município: 4110805
2026-08-12 20:32:00,512 [INFO] Processando ano: 2023 para município: 4110805
2026-08-12 20:32:00,513 [INFO] Processando município: 4110904, Itaguajé
2026-08-12 20:32:00,514 [INFO] Processando ano: 2021 para município: 4110904
2026-08-12 20:32:00,515 [INFO] Processando ano: 2022 para município: 4110904
2026-08-12 20:32:00,517 [INFO] Processando ano: 2023 para município: 4110904
2026-08-12 20:32:00,518 [INFO] Processando município: 4110953, Itaipulândia
2026-08-12 20:32:00,519 [INFO] Processando ano: 2021 para município: 4110953
2026-08-12 20:32:00,520 [INFO] Processando ano: 2022 para município: 4110953
2026-08-12 20:32:00,521 [INFO] Processando ano: 2023 para município: 4110953
2026-08-12 20:32:00,521 [INFO] Processando município: 4111001, Itambaracá
2026-08-12 20:32:00,522 [INFO] Processando ano: 2021 para município: 4111001
2026-08-12 20:32:00,523 [INFO] Processando ano: 2022 para município: 4111001
2026-08-12 20:32:00,524 [INFO] Processando ano: 2023 para município: 4111001
2026-08-12 20:32:00,525 [INFO] Processando município: 4111100, Itambé
2026-08-12 20:32:00,526 [INFO] Processando ano: 2021 para município: 4111100
2026-08-12 20:32:00,527 [INFO] Processando ano: 2022 para município: 4111100
2026-08-12 20:32:00,527 [INFO] Processando ano: 2023 para município: 4111100
2026-08-12 20:32:00,528 [INFO] Processando município: 4111209, Itapejara d'Oeste
2026-08-12 20:32:00,529 [INFO] Processando ano: 2021 para município: 4111209
2026-08-12 20:32:00,531 [INFO] Processando ano: 2022 para município: 4111209
2026-08-12 20:32:00,533 [INFO] Processando ano: 2023 para município: 4111209
2026-08-12 20:32:00,534 [INFO] Processando município: 4111258, Itaperuçu
2026-08-12 20:32:00,535 [INFO] Processando ano: 2021 para município: 4111258
2026-08-12 20:32:00,536 [INFO] Processando ano: 2022 para município: 4111258
2026-08-12 20:32:00,537 [INFO] Processando ano: 2023 para município: 4111258
2026-08-12 20:32:00,538 [INFO] Processando município: 4111308, Itaúna do Sul
2026-08-12 20:32:00,539 [INFO] Processando ano: 2021 para município: 4111308
2026-08-12 20:32:00,539 [INFO] Processando ano: 2022 para município: 4111308
2026-08-12 20:32:00,540 [INFO] Processando ano: 2023 para município: 4111308
2026-08-12 20:32:00,541 [INFO] Processando município: 4111407, Ivaí
2026-08-12 20:32:00,542 [INFO] Processando ano: 2021 para município: 4111407
2026-08-12 20:32:00,543 [INFO] Processando ano: 2022 para município: 4111407
2026-08-12 20:32:00,543 [INFO] Processando ano: 2023 para município: 4111407
2026-08-12 20:32:00,544 [INFO] Processando município: 4111506, Ivaiporã
2026-08-12 20:32:00,545 [INFO] Processando ano: 2021 para município: 4111506
2026-08-12 20:32:00,546 [INFO] Processando ano: 2022 para município: 4111506
2026-08-12 20:32:00,547 [INFO] Processando ano: 2023 para município: 4111506
2026-08-12 20:32:00,550 [INFO] Processando município: 4111555, Ivaté
2026-08-12 20:32:00,551 [INFO] Processando ano: 2021 para município: 4111555
2026-08-12 20:32:00,552 [INFO] Processando ano: 2022 para município: 4111555
2026-08-12 20:32:00,553 [INFO] Processando ano: 2023 para município: 4111555
2026-08-12 20:32:00,554 [INFO] Processando município: 4111605, Ivatuba
2026-08-12 20:32:00,554 [INFO] Processando ano: 2021 para município: 4111605
2026-08-12 20:32:00,555 [INFO] Processando ano: 2022 para município: 4111605
2026-08-12 20:32:00,556 [INFO] Processando ano: 2023 para município: 4111605
2026-08-12 20:32:00,556 [INFO] Processando município: 4111704, Jaboti
2026-08-12 20:32:00,557 [INFO] Processando ano: 2021 para município: 4111704
2026-08-12 20:32:00,559 [INFO] Processando ano: 2022 para município: 4111704
2026-08-12 20:32:00,560 [INFO] Processando ano: 2023 para município: 4111704
2026-08-12 20:32:00,561 [INFO] Processando município: 4111803, Jacarezinho
2026-08-12 20:32:00,562 [INFO] Processando ano: 2021 para município: 4111803
2026-08-12 20:32:00,563 [INFO] Processando ano: 2022 para município: 4111803
2026-08-12 20:32:00,585 [INFO] Processando ano: 2023 para município: 4111803
2026-08-12 20:32:00,587 [INFO] Processando município: 4111902, Jaguapitã
2026-08-12 20:32:00,588 [INFO] Processando ano: 2021 para município: 4111902
2026-08-12 20:32:00,589 [INFO] Processando ano: 2022 para município: 4111902
2026-08-12 20:32:00,590 [INFO] Processando ano: 2023 para município: 4111902
2026-08-12 20:32:00,591 [INFO] Processando município: 4112009, Jaguariaíva
2026-08-12 20:32:00,592 [INFO] Processando ano: 2021 para município: 4112009
2026-08-12 20:32:00,593 [INFO] Processando ano: 2022 para município: 4112009
2026-08-12 20:32:00,594 [INFO] Processando ano: 2023 para município: 4112009
2026-08-12 20:32:00,595 [INFO] Processando município: 4112108, Jandaia do Sul
2026-08-12 20:32:00,596 [INFO] Processando ano: 2021 para município: 4112108
2026-08-12 20:32:00,598 [INFO] Processando ano: 2022 para município: 4112108
2026-08-12 20:32:00,599 [INFO] Processando ano: 2023 para município: 4112108
2026-08-12 20:32:00,601 [INFO] Processando município: 4112207, Janiópolis
2026-08-12 20:32:00,602 [INFO] Processando ano: 2021 para município: 4112207
2026-08-12 20:32:00,603 [INFO] Processando ano: 2022 para município: 4112207
2026-08-12 20:32:00,603 [INFO] Processando ano: 2023 para município: 4112207
2026-08-12 20:32:00,604 [INFO] Processando município: 4112306, Japira
2026-08-12 20:32:00,605 [INFO] Processando ano: 2021 para município: 4112306
2026-08-12 20:32:00,606 [INFO] Processando ano: 2022 para município: 4112306
2026-08-12 20:32:00,607 [INFO] Processando ano: 2023 para município: 4112306
2026-08-12 20:32:00,608 [INFO] Processando município: 4112405, Japurá
2026-08-12 20:32:00,609 [INFO] Processando ano: 2021 para município: 4112405
2026-08-12 20:32:00,610 [INFO] Processando ano: 2022 para município: 4112405
2026-08-12 20:32:00,610 [INFO] Processando ano: 2023 para município: 4112405
2026-08-12 20:32:00,611 [INFO] Processando município: 4112504, Jardim Alegre
2026-08-12 20:32:00,612 [INFO] Processando ano: 2021 para município: 4112504
2026-08-12 20:32:00,613 [INFO] Processando ano: 2022 para município: 4112504
2026-08-12 20:32:00,615 [INFO] Processando ano: 2023 para município: 4112504
2026-08-12 20:32:00,616 [INFO] Processando município: 4112603, Jardim Olinda
2026-08-12 20:32:00,617 [INFO] Processando ano: 2021 para município: 4112603
2026-08-12 20:32:00,618 [INFO] Processando ano: 2022 para município: 4112603
2026-08-12 20:32:00,619 [INFO] Processando ano: 2023 para município: 4112603
2026-08-12 20:32:00,620 [INFO] Processando município: 4112702, Jataizinho
2026-08-12 20:32:00,621 [INFO] Processando ano: 2021 para município: 4112702
2026-08-12 20:32:00,621 [INFO] Processando ano: 2022 para município: 4112702
2026-08-12 20:32:00,622 [INFO] Processando ano: 2023 para município: 4112702
2026-08-12 20:32:00,623 [INFO] Processando município: 4112751, Jesuítas
2026-08-12 20:32:00,624 [INFO] Processando ano: 2021 para município: 4112751
2026-08-12 20:32:00,625 [INFO] Processando ano: 2022 para município: 4112751
2026-08-12 20:32:00,626 [INFO] Processando ano: 2023 para município: 4112751
2026-08-12 20:32:00,627 [INFO] Processando município: 4112801, Joaquim Távora
2026-08-12 20:32:00,627 [INFO] Processando ano: 2021 para município: 4112801
2026-08-12 20:32:00,628 [INFO] Processando ano: 2022 para município: 4112801
2026-08-12 20:32:00,629 [INFO] Processando ano: 2023 para município: 4112801
2026-08-12 20:32:00,631 [INFO] Processando município: 4112900, Jundiaí do Sul
2026-08-12 20:32:00,633 [INFO] Processando ano: 2021 para município: 4112900
2026-08-12 20:32:00,634 [INFO] Processando ano: 2022 para município: 4112900
2026-08-12 20:32:00,635 [INFO] Processando ano: 2023 para município: 4112900
2026-08-12 20:32:00,636 [INFO] Processando município: 4112959, Juranda
2026-08-12 20:32:00,637 [INFO] Processando ano: 2021 para município: 4112959
2026-08-12 20:32:00,638 [INFO] Processando ano: 2022 para município: 4112959
2026-08-12 20:32:00,639 [INFO] Processando ano: 2023 para município: 4112959
2026-08-12 20:32:00,640 [INFO] Processando município: 4113007, Jussara
2026-08-12 20:32:00,640 [INFO] Processando ano: 2021 para município: 4113007
2026-08-12 20:32:00,641 [INFO] Processando ano: 2022 para município: 4113007
2026-08-12 20:32:00,642 [INFO] Processando ano: 2023 para município: 4113007
2026-08-12 20:32:00,643 [INFO] Processando município: 4113106, Kaloré
2026-08-12 20:32:00,644 [INFO] Processando ano: 2021 para município: 4113106
2026-08-12 20:32:00,644 [INFO] Processando ano: 2022 para município: 4113106
2026-08-12 20:32:00,645 [INFO] Processando ano: 2023 para município: 4113106
2026-08-12 20:32:00,646 [INFO] Processando município: 4113205, Lapa
2026-08-12 20:32:00,648 [INFO] Processando ano: 2021 para município: 4113205
2026-08-12 20:32:00,650 [INFO] Processando ano: 2022 para município: 4113205
2026-08-12 20:32:00,651 [INFO] Processando ano: 2023 para município: 4113205
2026-08-12 20:32:00,652 [INFO] Processando município: 4113254, Laranjal
2026-08-12 20:32:00,654 [INFO] Processando ano: 2021 para município: 4113254
2026-08-12 20:32:00,656 [INFO] Processando ano: 2022 para município: 4113254
2026-08-12 20:32:00,657 [INFO] Processando ano: 2023 para município: 4113254
2026-08-12 20:32:00,658 [INFO] Processando município: 4113304, Laranjeiras do Sul
2026-08-12 20:32:00,659 [INFO] Processando ano: 2021 para município: 4113304
2026-08-12 20:32:00,660 [INFO] Processando ano: 2022 para município: 4113304
2026-08-12 20:32:00,661 [INFO] Processando ano: 2023 para município: 4113304
2026-08-12 20:32:00,662 [INFO] Processando município: 4113403, Leópolis
2026-08-12 20:32:00,663 [INFO] Processando ano: 2021 para município: 4113403
2026-08-12 20:32:00,665 [INFO] Processando ano: 2022 para município: 4113403
2026-08-12 20:32:00,668 [INFO] Processando ano: 2023 para município: 4113403
2026-08-12 20:32:00,669 [INFO] Processando município: 4113429, Lidianópolis
2026-08-12 20:32:00,670 [INFO] Processando ano: 2021 para município: 4113429
2026-08-12 20:32:00,671 [INFO] Processando ano: 2022 para município: 4113429
2026-08-12 20:32:00,672 [INFO] Processando ano: 2023 para município: 4113429
2026-08-12 20:32:00,673 [INFO] Processando município: 4113452, Lindoeste
2026-08-12 20:32:00,676 [INFO] Processando ano: 2021 para município: 4113452
2026-08-12 20:32:00,677 [INFO] Processando ano: 2022 para município: 4113452
2026-08-12 20:32:00,678 [INFO] Processando ano: 2023 para município: 4113452
2026-08-12 20:32:00,680 [INFO] Processando município: 4113502, Loanda
2026-08-12 20:32:00,688 [INFO] Processando ano: 2021 para município: 4113502
2026-08-12 20:32:00,690 [INFO] Processando ano: 2022 para município: 4113502
2026-08-12 20:32:00,691 [INFO] Processando ano: 2023 para município: 4113502
2026-08-12 20:32:00,693 [INFO] Processando município: 4113601, Lobato
2026-08-12 20:32:00,695 [INFO] Processando ano: 2021 para município: 4113601
2026-08-12 20:32:00,696 [INFO] Processando ano: 2022 para município: 4113601
2026-08-12 20:32:00,697 [INFO] Processando ano: 2023 para município: 4113601
2026-08-12 20:32:00,698 [INFO] Processando município: 4113700, Londrina
2026-08-12 20:32:00,700 [INFO] Processando ano: 2021 para município: 4113700
2026-08-12 20:32:00,701 [INFO] Processando ano: 2022 para município: 4113700
2026-08-12 20:32:00,702 [INFO] Processando ano: 2023 para município: 4113700
2026-08-12 20:32:00,703 [INFO] Processando município: 4113734, Luiziana
2026-08-12 20:32:00,704 [INFO] Processando ano: 2021 para município: 4113734
2026-08-12 20:32:00,705 [INFO] Processando ano: 2022 para município: 4113734
2026-08-12 20:32:00,705 [INFO] Processando ano: 2023 para município: 4113734
2026-08-12 20:32:00,706 [INFO] Processando município: 4113759, Lunardelli
2026-08-12 20:32:00,707 [INFO] Processando ano: 2021 para município: 4113759
2026-08-12 20:32:00,708 [INFO] Processando ano: 2022 para município: 4113759
2026-08-12 20:32:00,709 [INFO] Processando ano: 2023 para município: 4113759
2026-08-12 20:32:00,710 [INFO] Processando município: 4113809, Lupionópolis
2026-08-12 20:32:00,711 [INFO] Processando ano: 2021 para município: 4113809
2026-08-12 20:32:00,711 [INFO] Processando ano: 2022 para município: 4113809
2026-08-12 20:32:00,712 [INFO] Processando ano: 2023 para município: 4113809
2026-08-12 20:32:00,713 [INFO] Processando município: 4113908, Mallet
2026-08-12 20:32:00,716 [INFO] Processando ano: 2021 para município: 4113908
2026-08-12 20:32:00,717 [INFO] Processando ano: 2022 para município: 4113908
2026-08-12 20:32:00,718 [INFO] Processando ano: 2023 para município: 4113908
2026-08-12 20:32:00,719 [INFO] Processando município: 4114005, Mamborê
2026-08-12 20:32:00,720 [INFO] Processando ano: 2021 para município: 4114005
2026-08-12 20:32:00,721 [INFO] Processando ano: 2022 para município: 4114005
2026-08-12 20:32:00,722 [INFO] Processando ano: 2023 para município: 4114005
2026-08-12 20:32:00,723 [INFO] Processando município: 4114104, Mandaguaçu
2026-08-12 20:32:00,724 [INFO] Processando ano: 2021 para município: 4114104
2026-08-12 20:32:00,725 [INFO] Processando ano: 2022 para município: 4114104
2026-08-12 20:32:00,726 [INFO] Processando ano: 2023 para município: 4114104
2026-08-12 20:32:00,727 [INFO] Processando município: 4114203, Mandaguari
2026-08-12 20:32:00,728 [INFO] Processando ano: 2021 para município: 4114203
2026-08-12 20:32:00,729 [INFO] Processando ano: 2022 para município: 4114203
2026-08-12 20:32:00,730 [INFO] Processando ano: 2023 para município: 4114203
2026-08-12 20:32:00,731 [INFO] Processando município: 4114302, Mandirituba
2026-08-12 20:32:00,733 [INFO] Processando ano: 2021 para município: 4114302
2026-08-12 20:32:00,734 [INFO] Processando ano: 2022 para município: 4114302
2026-08-12 20:32:00,735 [INFO] Processando ano: 2023 para município: 4114302
2026-08-12 20:32:00,736 [INFO] Processando município: 4114351, Manfrinópolis
2026-08-12 20:32:00,737 [INFO] Processando ano: 2021 para município: 4114351
2026-08-12 20:32:00,737 [INFO] Processando ano: 2022 para município: 4114351
2026-08-12 20:32:00,738 [INFO] Processando ano: 2023 para município: 4114351
2026-08-12 20:32:00,739 [INFO] Processando município: 4114401, Mangueirinha
2026-08-12 20:32:00,740 [INFO] Processando ano: 2021 para município: 4114401
2026-08-12 20:32:00,741 [INFO] Processando ano: 2022 para município: 4114401
2026-08-12 20:32:00,742 [INFO] Processando ano: 2023 para município: 4114401
2026-08-12 20:32:00,743 [INFO] Processando município: 4114500, Manoel Ribas
2026-08-12 20:32:00,744 [INFO] Processando ano: 2021 para município: 4114500
2026-08-12 20:32:00,744 [INFO] Processando ano: 2022 para município: 4114500
2026-08-12 20:32:00,745 [INFO] Processando ano: 2023 para município: 4114500
2026-08-12 20:32:00,747 [INFO] Processando município: 4114609, Marechal Cândido Rondon
2026-08-12 20:32:00,750 [INFO] Processando ano: 2021 para município: 4114609
2026-08-12 20:32:00,751 [INFO] Processando ano: 2022 para município: 4114609
2026-08-12 20:32:00,752 [INFO] Processando ano: 2023 para município: 4114609
2026-08-12 20:32:00,754 [INFO] Processando município: 4114708, Maria Helena
2026-08-12 20:32:00,755 [INFO] Processando ano: 2021 para município: 4114708
2026-08-12 20:32:00,756 [INFO] Processando ano: 2022 para município: 4114708
2026-08-12 20:32:00,757 [INFO] Processando ano: 2023 para município: 4114708
2026-08-12 20:32:00,758 [INFO] Processando município: 4114807, Marialva
2026-08-12 20:32:00,758 [INFO] Processando ano: 2021 para município: 4114807
2026-08-12 20:32:00,760 [INFO] Processando ano: 2022 para município: 4114807
2026-08-12 20:32:00,760 [INFO] Processando ano: 2023 para município: 4114807
2026-08-12 20:32:00,761 [INFO] Processando município: 4114906, Marilândia do Sul
2026-08-12 20:32:00,762 [INFO] Processando ano: 2021 para município: 4114906
2026-08-12 20:32:00,763 [INFO] Processando ano: 2022 para município: 4114906
2026-08-12 20:32:00,765 [INFO] Processando ano: 2023 para município: 4114906
2026-08-12 20:32:00,767 [INFO] Processando município: 4115002, Marilena
2026-08-12 20:32:00,768 [INFO] Processando ano: 2021 para município: 4115002
2026-08-12 20:32:00,769 [INFO] Processando ano: 2022 para município: 4115002
2026-08-12 20:32:00,770 [INFO] Processando ano: 2023 para município: 4115002
2026-08-12 20:32:00,771 [INFO] Processando município: 4115101, Mariluz
2026-08-12 20:32:00,772 [INFO] Processando ano: 2021 para município: 4115101
2026-08-12 20:32:00,773 [INFO] Processando ano: 2022 para município: 4115101
2026-08-12 20:32:00,773 [INFO] Processando ano: 2023 para município: 4115101
2026-08-12 20:32:00,774 [INFO] Processando município: 4115200, Maringá
2026-08-12 20:32:00,775 [INFO] Processando ano: 2021 para município: 4115200
2026-08-12 20:32:00,776 [INFO] Processando ano: 2022 para município: 4115200
2026-08-12 20:32:00,777 [INFO] Processando ano: 2023 para município: 4115200
2026-08-12 20:32:00,778 [INFO] Processando município: 4115309, Mariópolis
2026-08-12 20:32:00,778 [INFO] Processando ano: 2021 para município: 4115309
2026-08-12 20:32:00,779 [INFO] Processando ano: 2022 para município: 4115309
2026-08-12 20:32:00,781 [INFO] Processando ano: 2023 para município: 4115309
2026-08-12 20:32:00,782 [INFO] Processando município: 4115358, Maripá
2026-08-12 20:32:00,784 [INFO] Processando ano: 2021 para município: 4115358
2026-08-12 20:32:00,785 [INFO] Processando ano: 2022 para município: 4115358
2026-08-12 20:32:00,786 [INFO] Processando ano: 2023 para município: 4115358
2026-08-12 20:32:00,787 [INFO] Processando município: 4115408, Marmeleiro
2026-08-12 20:32:00,788 [INFO] Processando ano: 2021 para município: 4115408
2026-08-12 20:32:00,789 [INFO] Processando ano: 2022 para município: 4115408
2026-08-12 20:32:00,790 [INFO] Processando ano: 2023 para município: 4115408
2026-08-12 20:32:00,791 [INFO] Processando município: 4115457, Marquinho
2026-08-12 20:32:00,792 [INFO] Processando ano: 2021 para município: 4115457
2026-08-12 20:32:00,793 [INFO] Processando ano: 2022 para município: 4115457
2026-08-12 20:32:00,793 [INFO] Processando ano: 2023 para município: 4115457
2026-08-12 20:32:00,794 [INFO] Processando município: 4115507, Marumbi
2026-08-12 20:32:00,795 [INFO] Processando ano: 2021 para município: 4115507
2026-08-12 20:32:00,796 [INFO] Processando ano: 2022 para município: 4115507
2026-08-12 20:32:00,797 [INFO] Processando ano: 2023 para município: 4115507
2026-08-12 20:32:00,799 [INFO] Processando município: 4115606, Matelândia
2026-08-12 20:32:00,801 [INFO] Processando ano: 2021 para município: 4115606
2026-08-12 20:32:00,802 [INFO] Processando ano: 2022 para município: 4115606
2026-08-12 20:32:00,803 [INFO] Processando ano: 2023 para município: 4115606
2026-08-12 20:32:00,804 [INFO] Processando município: 4115705, Matinhos
2026-08-12 20:32:00,804 [INFO] Processando ano: 2021 para município: 4115705
2026-08-12 20:32:00,805 [INFO] Processando ano: 2022 para município: 4115705
2026-08-12 20:32:00,806 [INFO] Processando ano: 2023 para município: 4115705
2026-08-12 20:32:00,807 [INFO] Processando município: 4115739, Mato Rico
2026-08-12 20:32:00,807 [INFO] Processando ano: 2021 para município: 4115739
2026-08-12 20:32:00,808 [INFO] Processando ano: 2022 para município: 4115739
2026-08-12 20:32:00,809 [INFO] Processando ano: 2023 para município: 4115739
2026-08-12 20:32:00,810 [INFO] Processando município: 4115754, Mauá da Serra
2026-08-12 20:32:00,811 [INFO] Processando ano: 2021 para município: 4115754
2026-08-12 20:32:00,812 [INFO] Processando ano: 2022 para município: 4115754
2026-08-12 20:32:00,813 [INFO] Processando ano: 2023 para município: 4115754
2026-08-12 20:32:00,814 [INFO] Processando município: 4115804, Medianeira
2026-08-12 20:32:00,816 [INFO] Processando ano: 2021 para município: 4115804
2026-08-12 20:32:00,817 [INFO] Processando ano: 2022 para município: 4115804
2026-08-12 20:32:00,818 [INFO] Processando ano: 2023 para município: 4115804
2026-08-12 20:32:00,819 [INFO] Processando município: 4115853, Mercedes
2026-08-12 20:32:00,820 [INFO] Processando ano: 2021 para município: 4115853
2026-08-12 20:32:00,821 [INFO] Processando ano: 2022 para município: 4115853
2026-08-12 20:32:00,822 [INFO] Processando ano: 2023 para município: 4115853
2026-08-12 20:32:00,824 [INFO] Processando município: 4115903, Mirador
2026-08-12 20:32:00,825 [INFO] Processando ano: 2021 para município: 4115903
2026-08-12 20:32:00,826 [INFO] Processando ano: 2022 para município: 4115903
2026-08-12 20:32:00,827 [INFO] Processando ano: 2023 para município: 4115903
2026-08-12 20:32:00,828 [INFO] Processando município: 4116000, Miraselva
2026-08-12 20:32:00,829 [INFO] Processando ano: 2021 para município: 4116000
2026-08-12 20:32:00,830 [INFO] Processando ano: 2022 para município: 4116000
2026-08-12 20:32:00,831 [INFO] Processando ano: 2023 para município: 4116000
2026-08-12 20:32:00,832 [INFO] Processando município: 4116059, Missal
2026-08-12 20:32:00,834 [INFO] Processando ano: 2021 para município: 4116059
2026-08-12 20:32:00,835 [INFO] Processando ano: 2022 para município: 4116059
2026-08-12 20:32:00,836 [INFO] Processando ano: 2023 para município: 4116059
2026-08-12 20:32:00,837 [INFO] Processando município: 4116109, Moreira Sales
2026-08-12 20:32:00,838 [INFO] Processando ano: 2021 para município: 4116109
2026-08-12 20:32:00,838 [INFO] Processando ano: 2022 para município: 4116109
2026-08-12 20:32:00,839 [INFO] Processando ano: 2023 para município: 4116109
2026-08-12 20:32:00,840 [INFO] Processando município: 4116208, Morretes
2026-08-12 20:32:00,841 [INFO] Processando ano: 2021 para município: 4116208
2026-08-12 20:32:00,842 [INFO] Processando ano: 2022 para município: 4116208
2026-08-12 20:32:00,843 [INFO] Processando ano: 2023 para município: 4116208
2026-08-12 20:32:00,844 [INFO] Processando município: 4116307, Munhoz de Melo
2026-08-12 20:32:00,844 [INFO] Processando ano: 2021 para município: 4116307
2026-08-12 20:32:00,845 [INFO] Processando ano: 2022 para município: 4116307
2026-08-12 20:32:00,846 [INFO] Processando ano: 2023 para município: 4116307
2026-08-12 20:32:00,848 [INFO] Processando município: 4116406, Nossa Senhora das Graças
2026-08-12 20:32:00,849 [INFO] Processando ano: 2021 para município: 4116406
2026-08-12 20:32:00,850 [INFO] Processando ano: 2022 para município: 4116406
2026-08-12 20:32:00,851 [INFO] Processando ano: 2023 para município: 4116406
2026-08-12 20:32:00,852 [INFO] Processando município: 4116505, Nova Aliança do Ivaí
2026-08-12 20:32:00,853 [INFO] Processando ano: 2021 para município: 4116505
2026-08-12 20:32:00,854 [INFO] Processando ano: 2022 para município: 4116505
2026-08-12 20:32:00,855 [INFO] Processando ano: 2023 para município: 4116505
2026-08-12 20:32:00,856 [INFO] Processando município: 4116604, Nova América da Colina
2026-08-12 20:32:00,857 [INFO] Processando ano: 2021 para município: 4116604
2026-08-12 20:32:00,858 [INFO] Processando ano: 2022 para município: 4116604
2026-08-12 20:32:00,859 [INFO] Processando ano: 2023 para município: 4116604
2026-08-12 20:32:00,860 [INFO] Processando município: 4116703, Nova Aurora
2026-08-12 20:32:00,861 [INFO] Processando ano: 2021 para município: 4116703
2026-08-12 20:32:00,861 [INFO] Processando ano: 2022 para município: 4116703
2026-08-12 20:32:00,862 [INFO] Processando ano: 2023 para município: 4116703
2026-08-12 20:32:00,865 [INFO] Processando município: 4116802, Nova Cantu
2026-08-12 20:32:00,866 [INFO] Processando ano: 2021 para município: 4116802
2026-08-12 20:32:00,867 [INFO] Processando ano: 2022 para município: 4116802
2026-08-12 20:32:00,868 [INFO] Processando ano: 2023 para município: 4116802
2026-08-12 20:32:00,869 [INFO] Processando município: 4116901, Nova Esperança
2026-08-12 20:32:00,869 [INFO] Processando ano: 2021 para município: 4116901
2026-08-12 20:32:00,870 [INFO] Processando ano: 2022 para município: 4116901
2026-08-12 20:32:00,871 [INFO] Processando ano: 2023 para município: 4116901
2026-08-12 20:32:00,872 [INFO] Processando município: 4116950, Nova Esperança do Sudoeste
2026-08-12 20:32:00,873 [INFO] Processando ano: 2021 para município: 4116950
2026-08-12 20:32:00,874 [INFO] Processando ano: 2022 para município: 4116950
2026-08-12 20:32:00,875 [INFO] Processando ano: 2023 para município: 4116950
2026-08-12 20:32:00,876 [INFO] Processando município: 4117008, Nova Fátima
2026-08-12 20:32:00,877 [INFO] Processando ano: 2021 para município: 4117008
2026-08-12 20:32:00,878 [INFO] Processando ano: 2022 para município: 4117008
2026-08-12 20:32:00,878 [INFO] Processando ano: 2023 para município: 4117008
2026-08-12 20:32:00,879 [INFO] Processando município: 4117057, Nova Laranjeiras
2026-08-12 20:32:00,881 [INFO] Processando ano: 2021 para município: 4117057
2026-08-12 20:32:00,883 [INFO] Processando ano: 2022 para município: 4117057
2026-08-12 20:32:00,884 [INFO] Processando ano: 2023 para município: 4117057
2026-08-12 20:32:00,885 [INFO] Processando município: 4117107, Nova Londrina
2026-08-12 20:32:00,886 [INFO] Processando ano: 2021 para município: 4117107
2026-08-12 20:32:00,887 [INFO] Processando ano: 2022 para município: 4117107
2026-08-12 20:32:00,888 [INFO] Processando ano: 2023 para município: 4117107
2026-08-12 20:32:00,889 [INFO] Processando município: 4117206, Nova Olímpia
2026-08-12 20:32:00,890 [INFO] Processando ano: 2021 para município: 4117206
2026-08-12 20:32:00,891 [INFO] Processando ano: 2022 para município: 4117206
2026-08-12 20:32:00,891 [INFO] Processando ano: 2023 para município: 4117206
2026-08-12 20:32:00,892 [INFO] Processando município: 4117214, Nova Santa Bárbara
2026-08-12 20:32:00,893 [INFO] Processando ano: 2021 para município: 4117214
2026-08-12 20:32:00,894 [INFO] Processando ano: 2022 para município: 4117214
2026-08-12 20:32:00,895 [INFO] Processando ano: 2023 para município: 4117214
2026-08-12 20:32:00,896 [INFO] Processando município: 4117222, Nova Santa Rosa
2026-08-12 20:32:00,897 [INFO] Processando ano: 2021 para município: 4117222
2026-08-12 20:32:00,898 [INFO] Processando ano: 2022 para município: 4117222
2026-08-12 20:32:00,901 [INFO] Processando ano: 2023 para município: 4117222
2026-08-12 20:32:00,902 [INFO] Processando município: 4117255, Nova Prata do Iguaçu
2026-08-12 20:32:00,902 [INFO] Processando ano: 2021 para município: 4117255
2026-08-12 20:32:00,903 [INFO] Processando ano: 2022 para município: 4117255
2026-08-12 20:32:00,904 [INFO] Processando ano: 2023 para município: 4117255
2026-08-12 20:32:00,905 [INFO] Processando município: 4117271, Nova Tebas
2026-08-12 20:32:00,905 [INFO] Processando ano: 2021 para município: 4117271
2026-08-12 20:32:00,906 [INFO] Processando ano: 2022 para município: 4117271
2026-08-12 20:32:00,908 [INFO] Processando ano: 2023 para município: 4117271
2026-08-12 20:32:00,909 [INFO] Processando município: 4117297, Novo Itacolomi
2026-08-12 20:32:00,910 [INFO] Processando ano: 2021 para município: 4117297
2026-08-12 20:32:00,911 [INFO] Processando ano: 2022 para município: 4117297
2026-08-12 20:32:00,913 [INFO] Processando ano: 2023 para município: 4117297
2026-08-12 20:32:00,916 [INFO] Processando município: 4117305, Ortigueira
2026-08-12 20:32:00,917 [INFO] Processando ano: 2021 para município: 4117305
2026-08-12 20:32:00,918 [INFO] Processando ano: 2022 para município: 4117305
2026-08-12 20:32:00,919 [INFO] Processando ano: 2023 para município: 4117305
2026-08-12 20:32:00,920 [INFO] Processando município: 4117404, Ourizona
2026-08-12 20:32:00,921 [INFO] Processando ano: 2021 para município: 4117404
2026-08-12 20:32:00,922 [INFO] Processando ano: 2022 para município: 4117404
2026-08-12 20:32:00,923 [INFO] Processando ano: 2023 para município: 4117404
2026-08-12 20:32:00,923 [INFO] Processando município: 4117453, Ouro Verde do Oeste
2026-08-12 20:32:00,924 [INFO] Processando ano: 2021 para município: 4117453
2026-08-12 20:32:00,925 [INFO] Processando ano: 2022 para município: 4117453
2026-08-12 20:32:00,926 [INFO] Processando ano: 2023 para município: 4117453
2026-08-12 20:32:00,927 [INFO] Processando município: 4117503, Paiçandu
2026-08-12 20:32:00,927 [INFO] Processando ano: 2021 para município: 4117503
2026-08-12 20:32:00,928 [INFO] Processando ano: 2022 para município: 4117503
2026-08-12 20:32:00,929 [INFO] Processando ano: 2023 para município: 4117503
2026-08-12 20:32:00,931 [INFO] Processando município: 4117602, Palmas
2026-08-12 20:32:00,933 [INFO] Processando ano: 2021 para município: 4117602
2026-08-12 20:32:00,934 [INFO] Processando ano: 2022 para município: 4117602
2026-08-12 20:32:00,935 [INFO] Processando ano: 2023 para município: 4117602
2026-08-12 20:32:00,936 [INFO] Processando município: 4117701, Palmeira
2026-08-12 20:32:00,937 [INFO] Processando ano: 2021 para município: 4117701
2026-08-12 20:32:00,938 [INFO] Processando ano: 2022 para município: 4117701
2026-08-12 20:32:00,939 [INFO] Processando ano: 2023 para município: 4117701
2026-08-12 20:32:00,940 [INFO] Processando município: 4117800, Palmital
2026-08-12 20:32:00,941 [INFO] Processando ano: 2021 para município: 4117800
2026-08-12 20:32:00,942 [INFO] Processando ano: 2022 para município: 4117800
2026-08-12 20:32:00,943 [INFO] Processando ano: 2023 para município: 4117800
2026-08-12 20:32:00,944 [INFO] Processando município: 4117909, Palotina
2026-08-12 20:32:00,945 [INFO] Processando ano: 2021 para município: 4117909
2026-08-12 20:32:00,946 [INFO] Processando ano: 2022 para município: 4117909
2026-08-12 20:32:00,947 [INFO] Processando ano: 2023 para município: 4117909
2026-08-12 20:32:00,949 [INFO] Processando município: 4118006, Paraíso do Norte
2026-08-12 20:32:00,951 [INFO] Processando ano: 2021 para município: 4118006
2026-08-12 20:32:00,952 [INFO] Processando ano: 2022 para município: 4118006
2026-08-12 20:32:00,953 [INFO] Processando ano: 2023 para município: 4118006
2026-08-12 20:32:00,953 [INFO] Processando município: 4118105, Paranacity
2026-08-12 20:32:00,954 [INFO] Processando ano: 2021 para município: 4118105
2026-08-12 20:32:00,955 [INFO] Processando ano: 2022 para município: 4118105
2026-08-12 20:32:00,956 [INFO] Processando ano: 2023 para município: 4118105
2026-08-12 20:32:00,958 [INFO] Processando município: 4118204, Paranaguá
2026-08-12 20:32:00,958 [INFO] Processando ano: 2021 para município: 4118204
2026-08-12 20:32:00,959 [INFO] Processando ano: 2022 para município: 4118204
2026-08-12 20:32:00,960 [INFO] Processando ano: 2023 para município: 4118204
2026-08-12 20:32:00,961 [INFO] Processando município: 4118303, Paranapoema
2026-08-12 20:32:00,962 [INFO] Processando ano: 2021 para município: 4118303
2026-08-12 20:32:00,963 [INFO] Processando ano: 2022 para município: 4118303
2026-08-12 20:32:00,964 [INFO] Processando ano: 2023 para município: 4118303
2026-08-12 20:32:00,965 [INFO] Processando município: 4118402, Paranavaí
2026-08-12 20:32:00,967 [INFO] Processando ano: 2021 para município: 4118402
2026-08-12 20:32:00,968 [INFO] Processando ano: 2022 para município: 4118402
2026-08-12 20:32:00,969 [INFO] Processando ano: 2023 para município: 4118402
2026-08-12 20:32:00,970 [INFO] Processando município: 4118451, Pato Bragado
2026-08-12 20:32:00,971 [INFO] Processando ano: 2021 para município: 4118451
2026-08-12 20:32:00,972 [INFO] Processando ano: 2022 para município: 4118451
2026-08-12 20:32:00,972 [INFO] Processando ano: 2023 para município: 4118451
2026-08-12 20:32:00,973 [INFO] Processando município: 4118501, Pato Branco
2026-08-12 20:32:00,974 [INFO] Processando ano: 2021 para município: 4118501
2026-08-12 20:32:00,975 [INFO] Processando ano: 2022 para município: 4118501
2026-08-12 20:32:00,976 [INFO] Processando ano: 2023 para município: 4118501
2026-08-12 20:32:00,976 [INFO] Processando município: 4118600, Paula Freitas
2026-08-12 20:32:00,977 [INFO] Processando ano: 2021 para município: 4118600
2026-08-12 20:32:00,978 [INFO] Processando ano: 2022 para município: 4118600
2026-08-12 20:32:00,978 [INFO] Processando ano: 2023 para município: 4118600
2026-08-12 20:32:00,980 [INFO] Processando município: 4118709, Paulo Frontin
2026-08-12 20:32:00,982 [INFO] Processando ano: 2021 para município: 4118709
2026-08-12 20:32:00,983 [INFO] Processando ano: 2022 para município: 4118709
2026-08-12 20:32:00,984 [INFO] Processando ano: 2023 para município: 4118709
2026-08-12 20:32:00,985 [INFO] Processando município: 4118808, Peabiru
2026-08-12 20:32:00,986 [INFO] Processando ano: 2021 para município: 4118808
2026-08-12 20:32:00,987 [INFO] Processando ano: 2022 para município: 4118808
2026-08-12 20:32:00,988 [INFO] Processando ano: 2023 para município: 4118808
2026-08-12 20:32:00,988 [INFO] Processando município: 4118857, Perobal
2026-08-12 20:32:00,989 [INFO] Processando ano: 2021 para município: 4118857
2026-08-12 20:32:00,990 [INFO] Processando ano: 2022 para município: 4118857
2026-08-12 20:32:00,991 [INFO] Processando ano: 2023 para município: 4118857
2026-08-12 20:32:00,992 [INFO] Processando município: 4118907, Pérola
2026-08-12 20:32:00,993 [INFO] Processando ano: 2021 para município: 4118907
2026-08-12 20:32:00,994 [INFO] Processando ano: 2022 para município: 4118907
2026-08-12 20:32:00,994 [INFO] Processando ano: 2023 para município: 4118907
2026-08-12 20:32:00,995 [INFO] Processando município: 4119004, Pérola d'Oeste
2026-08-12 20:32:00,996 [INFO] Processando ano: 2021 para município: 4119004
2026-08-12 20:32:00,997 [INFO] Processando ano: 2022 para município: 4119004
2026-08-12 20:32:00,999 [INFO] Processando ano: 2023 para município: 4119004
2026-08-12 20:32:01,001 [INFO] Processando município: 4119103, Piên
2026-08-12 20:32:01,002 [INFO] Processando ano: 2021 para município: 4119103
2026-08-12 20:32:01,002 [INFO] Processando ano: 2022 para município: 4119103
2026-08-12 20:32:01,003 [INFO] Processando ano: 2023 para município: 4119103
2026-08-12 20:32:01,004 [INFO] Processando município: 4119152, Pinhais
2026-08-12 20:32:01,005 [INFO] Processando ano: 2021 para município: 4119152
2026-08-12 20:32:01,006 [INFO] Processando ano: 2022 para município: 4119152
2026-08-12 20:32:01,007 [INFO] Processando ano: 2023 para município: 4119152
2026-08-12 20:32:01,008 [INFO] Processando município: 4119202, Pinhalão
2026-08-12 20:32:01,009 [INFO] Processando ano: 2021 para município: 4119202
2026-08-12 20:32:01,010 [INFO] Processando ano: 2022 para município: 4119202
2026-08-12 20:32:01,011 [INFO] Processando ano: 2023 para município: 4119202
2026-08-12 20:32:01,011 [INFO] Processando município: 4119251, Pinhal de São Bento
2026-08-12 20:32:01,012 [INFO] Processando ano: 2021 para município: 4119251
2026-08-12 20:32:01,014 [INFO] Processando ano: 2022 para município: 4119251
2026-08-12 20:32:01,015 [INFO] Processando ano: 2023 para município: 4119251
2026-08-12 20:32:01,017 [INFO] Processando município: 4119301, Pinhão
2026-08-12 20:32:01,018 [INFO] Processando ano: 2021 para município: 4119301
2026-08-12 20:32:01,096 [INFO] Processando ano: 2022 para município: 4119301
2026-08-12 20:32:01,147 [INFO] Processando ano: 2023 para município: 4119301
2026-08-12 20:32:01,151 [INFO] Processando município: 4119400, Piraí do Sul
2026-08-12 20:32:01,152 [INFO] Processando ano: 2021 para município: 4119400
2026-08-12 20:32:01,153 [INFO] Processando ano: 2022 para município: 4119400
2026-08-12 20:32:01,154 [INFO] Processando ano: 2023 para município: 4119400
2026-08-12 20:32:01,155 [INFO] Processando município: 4119509, Piraquara
2026-08-12 20:32:01,156 [INFO] Processando ano: 2021 para município: 4119509
2026-08-12 20:32:01,157 [INFO] Processando ano: 2022 para município: 4119509
2026-08-12 20:32:01,160 [INFO] Processando ano: 2023 para município: 4119509
2026-08-12 20:32:01,161 [INFO] Processando município: 4119608, Pitanga
2026-08-12 20:32:01,163 [INFO] Processando ano: 2021 para município: 4119608
2026-08-12 20:32:01,164 [INFO] Processando ano: 2022 para município: 4119608
2026-08-12 20:32:01,165 [INFO] Processando ano: 2023 para município: 4119608
2026-08-12 20:32:01,166 [INFO] Processando município: 4119657, Pitangueiras
2026-08-12 20:32:01,167 [INFO] Processando ano: 2021 para município: 4119657
2026-08-12 20:32:01,169 [INFO] Processando ano: 2022 para município: 4119657
2026-08-12 20:32:01,170 [INFO] Processando ano: 2023 para município: 4119657
2026-08-12 20:32:01,171 [INFO] Processando município: 4119707, Planaltina do Paraná
2026-08-12 20:32:01,172 [INFO] Processando ano: 2021 para município: 4119707
2026-08-12 20:32:01,173 [INFO] Processando ano: 2022 para município: 4119707
2026-08-12 20:32:01,173 [INFO] Processando ano: 2023 para município: 4119707
2026-08-12 20:32:01,174 [INFO] Processando município: 4119806, Planalto
2026-08-12 20:32:01,179 [INFO] Processando ano: 2021 para município: 4119806
2026-08-12 20:32:01,192 [INFO] Processando ano: 2022 para município: 4119806
2026-08-12 20:32:01,193 [INFO] Processando ano: 2023 para município: 4119806
2026-08-12 20:32:01,196 [INFO] Processando município: 4119905, Ponta Grossa
2026-08-12 20:32:01,203 [INFO] Processando ano: 2021 para município: 4119905
2026-08-12 20:32:01,204 [INFO] Processando ano: 2022 para município: 4119905
2026-08-12 20:32:01,205 [INFO] Processando ano: 2023 para município: 4119905
2026-08-12 20:32:01,206 [INFO] Processando município: 4119954, Pontal do Paraná
2026-08-12 20:32:01,207 [INFO] Processando ano: 2021 para município: 4119954
2026-08-12 20:32:01,208 [INFO] Processando ano: 2022 para município: 4119954
2026-08-12 20:32:01,209 [INFO] Processando ano: 2023 para município: 4119954
2026-08-12 20:32:01,210 [INFO] Processando município: 4120002, Porecatu
2026-08-12 20:32:01,210 [INFO] Processando ano: 2021 para município: 4120002
2026-08-12 20:32:01,211 [INFO] Processando ano: 2022 para município: 4120002
2026-08-12 20:32:01,212 [INFO] Processando ano: 2023 para município: 4120002
2026-08-12 20:32:01,214 [INFO] Processando município: 4120101, Porto Amazonas
2026-08-12 20:32:01,216 [INFO] Processando ano: 2021 para município: 4120101
2026-08-12 20:32:01,218 [INFO] Processando ano: 2022 para município: 4120101
2026-08-12 20:32:01,220 [INFO] Processando ano: 2023 para município: 4120101
2026-08-12 20:32:01,221 [INFO] Processando município: 4120150, Porto Barreiro
2026-08-12 20:32:01,222 [INFO] Processando ano: 2021 para município: 4120150
2026-08-12 20:32:01,223 [INFO] Processando ano: 2022 para município: 4120150
2026-08-12 20:32:01,225 [INFO] Processando ano: 2023 para município: 4120150
2026-08-12 20:32:01,226 [INFO] Processando município: 4120200, Porto Rico
2026-08-12 20:32:01,226 [INFO] Processando ano: 2021 para município: 4120200
2026-08-12 20:32:01,227 [INFO] Processando ano: 2022 para município: 4120200
2026-08-12 20:32:01,229 [INFO] Processando ano: 2023 para município: 4120200
2026-08-12 20:32:01,230 [INFO] Processando município: 4120309, Porto Vitória
2026-08-12 20:32:01,232 [INFO] Processando ano: 2021 para município: 4120309
2026-08-12 20:32:01,233 [INFO] Processando ano: 2022 para município: 4120309
2026-08-12 20:32:01,234 [INFO] Processando ano: 2023 para município: 4120309
2026-08-12 20:32:01,235 [INFO] Processando município: 4120333, Prado Ferreira
2026-08-12 20:32:01,236 [INFO] Processando ano: 2021 para município: 4120333
2026-08-12 20:32:01,240 [INFO] Processando ano: 2022 para município: 4120333
2026-08-12 20:32:01,242 [INFO] Processando ano: 2023 para município: 4120333
2026-08-12 20:32:01,243 [INFO] Processando município: 4120358, Pranchita
2026-08-12 20:32:01,244 [INFO] Processando ano: 2021 para município: 4120358
2026-08-12 20:32:01,245 [INFO] Processando ano: 2022 para município: 4120358
2026-08-12 20:32:01,250 [INFO] Processando ano: 2023 para município: 4120358
2026-08-12 20:32:01,252 [INFO] Processando município: 4120408, Presidente Castelo Branco
2026-08-12 20:32:01,255 [INFO] Processando ano: 2021 para município: 4120408
2026-08-12 20:32:01,257 [INFO] Processando ano: 2022 para município: 4120408
2026-08-12 20:32:01,258 [INFO] Processando ano: 2023 para município: 4120408
2026-08-12 20:32:01,259 [INFO] Processando município: 4120507, Primeiro de Maio
2026-08-12 20:32:01,260 [INFO] Processando ano: 2021 para município: 4120507
2026-08-12 20:32:01,262 [INFO] Processando ano: 2022 para município: 4120507
2026-08-12 20:32:01,263 [INFO] Processando ano: 2023 para município: 4120507
2026-08-12 20:32:01,264 [INFO] Processando município: 4120606, Prudentópolis
2026-08-12 20:32:01,265 [INFO] Processando ano: 2021 para município: 4120606
2026-08-12 20:32:01,267 [INFO] Processando ano: 2022 para município: 4120606
2026-08-12 20:32:01,268 [INFO] Processando ano: 2023 para município: 4120606
2026-08-12 20:32:01,269 [INFO] Processando município: 4120655, Quarto Centenário
2026-08-12 20:32:01,270 [INFO] Processando ano: 2021 para município: 4120655
2026-08-12 20:32:01,271 [INFO] Processando ano: 2022 para município: 4120655
2026-08-12 20:32:01,272 [INFO] Processando ano: 2023 para município: 4120655
2026-08-12 20:32:01,273 [INFO] Processando município: 4120705, Quatiguá
2026-08-12 20:32:01,274 [INFO] Processando ano: 2021 para município: 4120705
2026-08-12 20:32:01,275 [INFO] Processando ano: 2022 para município: 4120705
2026-08-12 20:32:01,276 [INFO] Processando ano: 2023 para município: 4120705
2026-08-12 20:32:01,276 [INFO] Processando município: 4120804, Quatro Barras
2026-08-12 20:32:01,277 [INFO] Processando ano: 2021 para município: 4120804
2026-08-12 20:32:01,278 [INFO] Processando ano: 2022 para município: 4120804
2026-08-12 20:32:01,279 [INFO] Processando ano: 2023 para município: 4120804
2026-08-12 20:32:01,280 [INFO] Processando município: 4120853, Quatro Pontes
2026-08-12 20:32:01,281 [INFO] Processando ano: 2021 para município: 4120853
2026-08-12 20:32:01,283 [INFO] Processando ano: 2022 para município: 4120853
2026-08-12 20:32:01,284 [INFO] Processando ano: 2023 para município: 4120853
2026-08-12 20:32:01,285 [INFO] Processando município: 4120903, Quedas do Iguaçu
2026-08-12 20:32:01,286 [INFO] Processando ano: 2021 para município: 4120903
2026-08-12 20:32:01,287 [INFO] Processando ano: 2022 para município: 4120903
2026-08-12 20:32:01,288 [INFO] Processando ano: 2023 para município: 4120903
2026-08-12 20:32:01,288 [INFO] Processando município: 4121000, Querência do Norte
2026-08-12 20:32:01,290 [INFO] Processando ano: 2021 para município: 4121000
2026-08-12 20:32:01,291 [INFO] Processando ano: 2022 para município: 4121000
2026-08-12 20:32:01,292 [INFO] Processando ano: 2023 para município: 4121000
2026-08-12 20:32:01,292 [INFO] Processando município: 4121109, Quinta do Sol
2026-08-12 20:32:01,293 [INFO] Processando ano: 2021 para município: 4121109
2026-08-12 20:32:01,294 [INFO] Processando ano: 2022 para município: 4121109
2026-08-12 20:32:01,294 [INFO] Processando ano: 2023 para município: 4121109
2026-08-12 20:32:01,295 [INFO] Processando município: 4121208, Quitandinha
2026-08-12 20:32:01,297 [INFO] Processando ano: 2021 para município: 4121208
2026-08-12 20:32:01,298 [INFO] Processando ano: 2022 para município: 4121208
2026-08-12 20:32:01,299 [INFO] Processando ano: 2023 para município: 4121208
2026-08-12 20:32:01,300 [INFO] Processando município: 4121257, Ramilândia
2026-08-12 20:32:01,301 [INFO] Processando ano: 2021 para município: 4121257
2026-08-12 20:32:01,302 [INFO] Processando ano: 2022 para município: 4121257
2026-08-12 20:32:01,304 [INFO] Processando ano: 2023 para município: 4121257
2026-08-12 20:32:01,304 [INFO] Processando município: 4121307, Rancho Alegre
2026-08-12 20:32:01,305 [INFO] Processando ano: 2021 para município: 4121307
2026-08-12 20:32:01,306 [INFO] Processando ano: 2022 para município: 4121307
2026-08-12 20:32:01,307 [INFO] Processando ano: 2023 para município: 4121307
2026-08-12 20:32:01,307 [INFO] Processando município: 4121356, Rancho Alegre D'Oeste
2026-08-12 20:32:01,309 [INFO] Processando ano: 2021 para município: 4121356
2026-08-12 20:32:01,310 [INFO] Processando ano: 2022 para município: 4121356
2026-08-12 20:32:01,311 [INFO] Processando ano: 2023 para município: 4121356
2026-08-12 20:32:01,311 [INFO] Processando município: 4121406, Realeza
2026-08-12 20:32:01,312 [INFO] Processando ano: 2021 para município: 4121406
2026-08-12 20:32:01,313 [INFO] Processando ano: 2022 para município: 4121406
2026-08-12 20:32:01,314 [INFO] Processando ano: 2023 para município: 4121406
2026-08-12 20:32:01,315 [INFO] Processando município: 4121505, Rebouças
2026-08-12 20:32:01,318 [INFO] Processando ano: 2021 para município: 4121505
2026-08-12 20:32:01,318 [INFO] Processando ano: 2022 para município: 4121505
2026-08-12 20:32:01,319 [INFO] Processando ano: 2023 para município: 4121505
2026-08-12 20:32:01,320 [INFO] Processando município: 4121604, Renascença
2026-08-12 20:32:01,321 [INFO] Processando ano: 2021 para município: 4121604
2026-08-12 20:32:01,322 [INFO] Processando ano: 2022 para município: 4121604
2026-08-12 20:32:01,322 [INFO] Processando ano: 2023 para município: 4121604
2026-08-12 20:32:01,323 [INFO] Processando município: 4121703, Reserva
2026-08-12 20:32:01,324 [INFO] Processando ano: 2021 para município: 4121703
2026-08-12 20:32:01,325 [INFO] Processando ano: 2022 para município: 4121703
2026-08-12 20:32:01,326 [INFO] Processando ano: 2023 para município: 4121703
2026-08-12 20:32:01,327 [INFO] Processando município: 4121752, Reserva do Iguaçu
2026-08-12 20:32:01,328 [INFO] Processando ano: 2021 para município: 4121752
2026-08-12 20:32:01,328 [INFO] Processando ano: 2022 para município: 4121752
2026-08-12 20:32:01,329 [INFO] Processando ano: 2023 para município: 4121752
2026-08-12 20:32:01,330 [INFO] Processando município: 4121802, Ribeirão Claro
2026-08-12 20:32:01,331 [INFO] Processando ano: 2021 para município: 4121802
2026-08-12 20:32:01,332 [INFO] Processando ano: 2022 para município: 4121802
2026-08-12 20:32:01,335 [INFO] Processando ano: 2023 para município: 4121802
2026-08-12 20:32:01,336 [INFO] Processando município: 4121901, Ribeirão do Pinhal
2026-08-12 20:32:01,337 [INFO] Processando ano: 2021 para município: 4121901
2026-08-12 20:32:01,338 [INFO] Processando ano: 2022 para município: 4121901
2026-08-12 20:32:01,339 [INFO] Processando ano: 2023 para município: 4121901
2026-08-12 20:32:01,340 [INFO] Processando município: 4122008, Rio Azul
2026-08-12 20:32:01,341 [INFO] Processando ano: 2021 para município: 4122008
2026-08-12 20:32:01,342 [INFO] Processando ano: 2022 para município: 4122008
2026-08-12 20:32:01,343 [INFO] Processando ano: 2023 para município: 4122008
2026-08-12 20:32:01,344 [INFO] Processando município: 4122107, Rio Bom
2026-08-12 20:32:01,345 [INFO] Processando ano: 2021 para município: 4122107
2026-08-12 20:32:01,346 [INFO] Processando ano: 2022 para município: 4122107
2026-08-12 20:32:01,348 [INFO] Processando ano: 2023 para município: 4122107
2026-08-12 20:32:01,352 [INFO] Processando município: 4122156, Rio Bonito do Iguaçu
2026-08-12 20:32:01,353 [INFO] Processando ano: 2021 para município: 4122156
2026-08-12 20:32:01,354 [INFO] Processando ano: 2022 para município: 4122156
2026-08-12 20:32:01,354 [INFO] Processando ano: 2023 para município: 4122156
2026-08-12 20:32:01,355 [INFO] Processando município: 4122172, Rio Branco do Ivaí
2026-08-12 20:32:01,356 [INFO] Processando ano: 2021 para município: 4122172
2026-08-12 20:32:01,356 [INFO] Processando ano: 2022 para município: 4122172
2026-08-12 20:32:01,357 [INFO] Processando ano: 2023 para município: 4122172
2026-08-12 20:32:01,359 [INFO] Processando município: 4122206, Rio Branco do Sul
2026-08-12 20:32:01,360 [INFO] Processando ano: 2021 para município: 4122206
2026-08-12 20:32:01,360 [INFO] Processando ano: 2022 para município: 4122206
2026-08-12 20:32:01,361 [INFO] Processando ano: 2023 para município: 4122206
2026-08-12 20:32:01,362 [INFO] Processando município: 4122305, Rio Negro
2026-08-12 20:32:01,363 [INFO] Processando ano: 2021 para município: 4122305
2026-08-12 20:32:01,364 [INFO] Processando ano: 2022 para município: 4122305
2026-08-12 20:32:01,365 [INFO] Processando ano: 2023 para município: 4122305
2026-08-12 20:32:01,368 [INFO] Processando município: 4122404, Rolândia
2026-08-12 20:32:01,369 [INFO] Processando ano: 2021 para município: 4122404
2026-08-12 20:32:01,370 [INFO] Processando ano: 2022 para município: 4122404
2026-08-12 20:32:01,372 [INFO] Processando ano: 2023 para município: 4122404
2026-08-12 20:32:01,373 [INFO] Processando município: 4122503, Roncador
2026-08-12 20:32:01,374 [INFO] Processando ano: 2021 para município: 4122503
2026-08-12 20:32:01,374 [INFO] Processando ano: 2022 para município: 4122503
2026-08-12 20:32:01,375 [INFO] Processando ano: 2023 para município: 4122503
2026-08-12 20:32:01,376 [INFO] Processando município: 4122602, Rondon
2026-08-12 20:32:01,377 [INFO] Processando ano: 2021 para município: 4122602
2026-08-12 20:32:01,378 [INFO] Processando ano: 2022 para município: 4122602
2026-08-12 20:32:01,379 [INFO] Processando ano: 2023 para município: 4122602
2026-08-12 20:32:01,380 [INFO] Processando município: 4122651, Rosário do Ivaí
2026-08-12 20:32:01,381 [INFO] Processando ano: 2021 para município: 4122651
2026-08-12 20:32:01,383 [INFO] Processando ano: 2022 para município: 4122651
2026-08-12 20:32:01,385 [INFO] Processando ano: 2023 para município: 4122651
2026-08-12 20:32:01,385 [INFO] Processando município: 4122701, Sabáudia
2026-08-12 20:32:01,386 [INFO] Processando ano: 2021 para município: 4122701
2026-08-12 20:32:01,387 [INFO] Processando ano: 2022 para município: 4122701
2026-08-12 20:32:01,388 [INFO] Processando ano: 2023 para município: 4122701
2026-08-12 20:32:01,388 [INFO] Processando município: 4122800, Salgado Filho
2026-08-12 20:32:01,389 [INFO] Processando ano: 2021 para município: 4122800
2026-08-12 20:32:01,391 [INFO] Processando ano: 2022 para município: 4122800
2026-08-12 20:32:01,392 [INFO] Processando ano: 2023 para município: 4122800
2026-08-12 20:32:01,392 [INFO] Processando município: 4122909, Salto do Itararé
2026-08-12 20:32:01,393 [INFO] Processando ano: 2021 para município: 4122909
2026-08-12 20:32:01,394 [INFO] Processando ano: 2022 para município: 4122909
2026-08-12 20:32:01,394 [INFO] Processando ano: 2023 para município: 4122909
2026-08-12 20:32:01,395 [INFO] Processando município: 4123006, Salto do Lontra
2026-08-12 20:32:01,397 [INFO] Processando ano: 2021 para município: 4123006
2026-08-12 20:32:01,398 [INFO] Processando ano: 2022 para município: 4123006
2026-08-12 20:32:01,400 [INFO] Processando ano: 2023 para município: 4123006
2026-08-12 20:32:01,401 [INFO] Processando município: 4123105, Santa Amélia
2026-08-12 20:32:01,402 [INFO] Processando ano: 2021 para município: 4123105
2026-08-12 20:32:01,403 [INFO] Processando ano: 2022 para município: 4123105
2026-08-12 20:32:01,404 [INFO] Processando ano: 2023 para município: 4123105
2026-08-12 20:32:01,405 [INFO] Processando município: 4123204, Santa Cecília do Pavão
2026-08-12 20:32:01,405 [INFO] Processando ano: 2021 para município: 4123204
2026-08-12 20:32:01,406 [INFO] Processando ano: 2022 para município: 4123204
2026-08-12 20:32:01,407 [INFO] Processando ano: 2023 para município: 4123204
2026-08-12 20:32:01,408 [INFO] Processando município: 4123303, Santa Cruz de Monte Castelo
2026-08-12 20:32:01,409 [INFO] Processando ano: 2021 para município: 4123303
2026-08-12 20:32:01,409 [INFO] Processando ano: 2022 para município: 4123303
2026-08-12 20:32:01,410 [INFO] Processando ano: 2023 para município: 4123303
2026-08-12 20:32:01,411 [INFO] Processando município: 4123402, Santa Fé
2026-08-12 20:32:01,412 [INFO] Processando ano: 2021 para município: 4123402
2026-08-12 20:32:01,412 [INFO] Processando ano: 2022 para município: 4123402
2026-08-12 20:32:01,414 [INFO] Processando ano: 2023 para município: 4123402
2026-08-12 20:32:01,416 [INFO] Processando município: 4123501, Santa Helena
2026-08-12 20:32:01,418 [INFO] Processando ano: 2021 para município: 4123501
2026-08-12 20:32:01,419 [INFO] Processando ano: 2022 para município: 4123501
2026-08-12 20:32:01,419 [INFO] Processando ano: 2023 para município: 4123501
2026-08-12 20:32:01,420 [INFO] Processando município: 4123600, Santa Inês
2026-08-12 20:32:01,421 [INFO] Processando ano: 2021 para município: 4123600
2026-08-12 20:32:01,422 [INFO] Processando ano: 2022 para município: 4123600
2026-08-12 20:32:01,423 [INFO] Processando ano: 2023 para município: 4123600
2026-08-12 20:32:01,424 [INFO] Processando município: 4123709, Santa Isabel do Ivaí
2026-08-12 20:32:01,425 [INFO] Processando ano: 2021 para município: 4123709
2026-08-12 20:32:01,426 [INFO] Processando ano: 2022 para município: 4123709
2026-08-12 20:32:01,427 [INFO] Processando ano: 2023 para município: 4123709
2026-08-12 20:32:01,428 [INFO] Processando município: 4123808, Santa Izabel do Oeste
2026-08-12 20:32:01,429 [INFO] Processando ano: 2021 para município: 4123808
2026-08-12 20:32:01,430 [INFO] Processando ano: 2022 para município: 4123808
2026-08-12 20:32:01,431 [INFO] Processando ano: 2023 para município: 4123808
2026-08-12 20:32:01,435 [INFO] Processando município: 4123824, Santa Lúcia
2026-08-12 20:32:01,435 [INFO] Processando ano: 2021 para município: 4123824
2026-08-12 20:32:01,436 [INFO] Processando ano: 2022 para município: 4123824
2026-08-12 20:32:01,437 [INFO] Processando ano: 2023 para município: 4123824
2026-08-12 20:32:01,438 [INFO] Processando município: 4123857, Santa Maria do Oeste
2026-08-12 20:32:01,438 [INFO] Processando ano: 2021 para município: 4123857
2026-08-12 20:32:01,439 [INFO] Processando ano: 2022 para município: 4123857
2026-08-12 20:32:01,441 [INFO] Processando ano: 2023 para município: 4123857
2026-08-12 20:32:01,442 [INFO] Processando município: 4123907, Santa Mariana
2026-08-12 20:32:01,443 [INFO] Processando ano: 2021 para município: 4123907
2026-08-12 20:32:01,444 [INFO] Processando ano: 2022 para município: 4123907
2026-08-12 20:32:01,445 [INFO] Processando ano: 2023 para município: 4123907
2026-08-12 20:32:01,445 [INFO] Processando município: 4123956, Santa Mônica
2026-08-12 20:32:01,446 [INFO] Processando ano: 2021 para município: 4123956
2026-08-12 20:32:01,448 [INFO] Processando ano: 2022 para município: 4123956
2026-08-12 20:32:01,450 [INFO] Processando ano: 2023 para município: 4123956
2026-08-12 20:32:01,451 [INFO] Processando município: 4124004, Santana do Itararé
2026-08-12 20:32:01,452 [INFO] Processando ano: 2021 para município: 4124004
2026-08-12 20:32:01,453 [INFO] Processando ano: 2022 para município: 4124004
2026-08-12 20:32:01,453 [INFO] Processando ano: 2023 para município: 4124004
2026-08-12 20:32:01,454 [INFO] Processando município: 4124020, Santa Tereza do Oeste
2026-08-12 20:32:01,455 [INFO] Processando ano: 2021 para município: 4124020
2026-08-12 20:32:01,456 [INFO] Processando ano: 2022 para município: 4124020
2026-08-12 20:32:01,457 [INFO] Processando ano: 2023 para município: 4124020
2026-08-12 20:32:01,459 [INFO] Processando município: 4124053, Santa Terezinha de Itaipu
2026-08-12 20:32:01,459 [INFO] Processando ano: 2021 para município: 4124053
2026-08-12 20:32:01,460 [INFO] Processando ano: 2022 para município: 4124053
2026-08-12 20:32:01,461 [INFO] Processando ano: 2023 para município: 4124053
2026-08-12 20:32:01,462 [INFO] Processando município: 4124103, Santo Antônio da Platina
2026-08-12 20:32:01,463 [INFO] Processando ano: 2021 para município: 4124103
2026-08-12 20:32:01,464 [INFO] Processando ano: 2022 para município: 4124103
2026-08-12 20:32:01,465 [INFO] Processando ano: 2023 para município: 4124103
2026-08-12 20:32:01,466 [INFO] Processando município: 4124202, Santo Antônio do Caiuá
2026-08-12 20:32:01,468 [INFO] Processando ano: 2021 para município: 4124202
2026-08-12 20:32:01,469 [INFO] Processando ano: 2022 para município: 4124202
2026-08-12 20:32:01,470 [INFO] Processando ano: 2023 para município: 4124202
2026-08-12 20:32:01,470 [INFO] Processando município: 4124301, Santo Antônio do Paraíso
2026-08-12 20:32:01,471 [INFO] Processando ano: 2021 para município: 4124301
2026-08-12 20:32:01,472 [INFO] Processando ano: 2022 para município: 4124301
2026-08-12 20:32:01,474 [INFO] Processando ano: 2023 para município: 4124301
2026-08-12 20:32:01,475 [INFO] Processando município: 4124400, Santo Antônio do Sudoeste
2026-08-12 20:32:01,476 [INFO] Processando ano: 2021 para município: 4124400
2026-08-12 20:32:01,477 [INFO] Processando ano: 2022 para município: 4124400
2026-08-12 20:32:01,477 [INFO] Processando ano: 2023 para município: 4124400
2026-08-12 20:32:01,478 [INFO] Processando município: 4124509, Santo Inácio
2026-08-12 20:32:01,479 [INFO] Processando ano: 2021 para município: 4124509
2026-08-12 20:32:01,480 [INFO] Processando ano: 2022 para município: 4124509
2026-08-12 20:32:01,481 [INFO] Processando ano: 2023 para município: 4124509
2026-08-12 20:32:01,482 [INFO] Processando município: 4124608, São Carlos do Ivaí
2026-08-12 20:32:01,483 [INFO] Processando ano: 2021 para município: 4124608
2026-08-12 20:32:01,484 [INFO] Processando ano: 2022 para município: 4124608
2026-08-12 20:32:01,485 [INFO] Processando ano: 2023 para município: 4124608
2026-08-12 20:32:01,486 [INFO] Processando município: 4124707, São Jerônimo da Serra
2026-08-12 20:32:01,487 [INFO] Processando ano: 2021 para município: 4124707
2026-08-12 20:32:01,488 [INFO] Processando ano: 2022 para município: 4124707
2026-08-12 20:32:01,490 [INFO] Processando ano: 2023 para município: 4124707
2026-08-12 20:32:01,491 [INFO] Processando município: 4124806, São João
2026-08-12 20:32:01,492 [INFO] Processando ano: 2021 para município: 4124806
2026-08-12 20:32:01,493 [INFO] Processando ano: 2022 para município: 4124806
2026-08-12 20:32:01,493 [INFO] Processando ano: 2023 para município: 4124806
2026-08-12 20:32:01,494 [INFO] Processando município: 4124905, São João do Caiuá
2026-08-12 20:32:01,495 [INFO] Processando ano: 2021 para município: 4124905
2026-08-12 20:32:01,497 [INFO] Processando ano: 2022 para município: 4124905
2026-08-12 20:32:01,498 [INFO] Processando ano: 2023 para município: 4124905
2026-08-12 20:32:01,499 [INFO] Processando município: 4125001, São João do Ivaí
2026-08-12 20:32:01,500 [INFO] Processando ano: 2021 para município: 4125001
2026-08-12 20:32:01,501 [INFO] Processando ano: 2022 para município: 4125001
2026-08-12 20:32:01,502 [INFO] Processando ano: 2023 para município: 4125001
2026-08-12 20:32:01,503 [INFO] Processando município: 4125100, São João do Triunfo
2026-08-12 20:32:01,504 [INFO] Processando ano: 2021 para município: 4125100
2026-08-12 20:32:01,505 [INFO] Processando ano: 2022 para município: 4125100
2026-08-12 20:32:01,506 [INFO] Processando ano: 2023 para município: 4125100
2026-08-12 20:32:01,507 [INFO] Processando município: 4125209, São Jorge d'Oeste
2026-08-12 20:32:01,508 [INFO] Processando ano: 2021 para município: 4125209
2026-08-12 20:32:01,508 [INFO] Processando ano: 2022 para município: 4125209
2026-08-12 20:32:01,509 [INFO] Processando ano: 2023 para município: 4125209
2026-08-12 20:32:01,510 [INFO] Processando município: 4125308, São Jorge do Ivaí
2026-08-12 20:32:01,511 [INFO] Processando ano: 2021 para município: 4125308
2026-08-12 20:32:01,512 [INFO] Processando ano: 2022 para município: 4125308
2026-08-12 20:32:01,513 [INFO] Processando ano: 2023 para município: 4125308
2026-08-12 20:32:01,514 [INFO] Processando município: 4125357, São Jorge do Patrocínio
2026-08-12 20:32:01,515 [INFO] Processando ano: 2021 para município: 4125357
2026-08-12 20:32:01,516 [INFO] Processando ano: 2022 para município: 4125357
2026-08-12 20:32:01,518 [INFO] Processando ano: 2023 para município: 4125357
2026-08-12 20:32:01,519 [INFO] Processando município: 4125407, São José da Boa Vista
2026-08-12 20:32:01,520 [INFO] Processando ano: 2021 para município: 4125407
2026-08-12 20:32:01,521 [INFO] Processando ano: 2022 para município: 4125407
2026-08-12 20:32:01,522 [INFO] Processando ano: 2023 para município: 4125407
2026-08-12 20:32:01,523 [INFO] Processando município: 4125456, São José das Palmeiras
2026-08-12 20:32:01,524 [INFO] Processando ano: 2021 para município: 4125456
2026-08-12 20:32:01,525 [INFO] Processando ano: 2022 para município: 4125456
2026-08-12 20:32:01,525 [INFO] Processando ano: 2023 para município: 4125456
2026-08-12 20:32:01,526 [INFO] Processando município: 4125506, São José dos Pinhais
2026-08-12 20:32:01,527 [INFO] Processando ano: 2021 para município: 4125506
2026-08-12 20:32:01,528 [INFO] Processando ano: 2022 para município: 4125506
2026-08-12 20:32:01,529 [INFO] Processando ano: 2023 para município: 4125506
2026-08-12 20:32:01,530 [INFO] Processando município: 4125555, São Manoel do Paraná
2026-08-12 20:32:01,531 [INFO] Processando ano: 2021 para município: 4125555
2026-08-12 20:32:01,532 [INFO] Processando ano: 2022 para município: 4125555
2026-08-12 20:32:01,534 [INFO] Processando ano: 2023 para município: 4125555
2026-08-12 20:32:01,535 [INFO] Processando município: 4125605, São Mateus do Sul
2026-08-12 20:32:01,536 [INFO] Processando ano: 2021 para município: 4125605
2026-08-12 20:32:01,537 [INFO] Processando ano: 2022 para município: 4125605
2026-08-12 20:32:01,538 [INFO] Processando ano: 2023 para município: 4125605
2026-08-12 20:32:01,538 [INFO] Processando município: 4125704, São Miguel do Iguaçu
2026-08-12 20:32:01,539 [INFO] Processando ano: 2021 para município: 4125704
2026-08-12 20:32:01,540 [INFO] Processando ano: 2022 para município: 4125704
2026-08-12 20:32:01,541 [INFO] Processando ano: 2023 para município: 4125704
2026-08-12 20:32:01,542 [INFO] Processando município: 4125753, São Pedro do Iguaçu
2026-08-12 20:32:01,543 [INFO] Processando ano: 2021 para município: 4125753
2026-08-12 20:32:01,544 [INFO] Processando ano: 2022 para município: 4125753
2026-08-12 20:32:01,545 [INFO] Processando ano: 2023 para município: 4125753
2026-08-12 20:32:01,546 [INFO] Processando município: 4125803, São Pedro do Ivaí
2026-08-12 20:32:01,548 [INFO] Processando ano: 2021 para município: 4125803
2026-08-12 20:32:01,549 [INFO] Processando ano: 2022 para município: 4125803
2026-08-12 20:32:01,550 [INFO] Processando ano: 2023 para município: 4125803
2026-08-12 20:32:01,552 [INFO] Processando município: 4125902, São Pedro do Paraná
2026-08-12 20:32:01,554 [INFO] Processando ano: 2021 para município: 4125902
2026-08-12 20:32:01,555 [INFO] Processando ano: 2022 para município: 4125902
2026-08-12 20:32:01,556 [INFO] Processando ano: 2023 para município: 4125902
2026-08-12 20:32:01,557 [INFO] Processando município: 4126009, São Sebastião da Amoreira
2026-08-12 20:32:01,558 [INFO] Processando ano: 2021 para município: 4126009
2026-08-12 20:32:01,559 [INFO] Processando ano: 2022 para município: 4126009
2026-08-12 20:32:01,561 [INFO] Processando ano: 2023 para município: 4126009
2026-08-12 20:32:01,562 [INFO] Processando município: 4126108, São Tomé
2026-08-12 20:32:01,563 [INFO] Processando ano: 2021 para município: 4126108
2026-08-12 20:32:01,564 [INFO] Processando ano: 2022 para município: 4126108
2026-08-12 20:32:01,565 [INFO] Processando ano: 2023 para município: 4126108
2026-08-12 20:32:01,566 [INFO] Processando município: 4126207, Sapopema
2026-08-12 20:32:01,567 [INFO] Processando ano: 2021 para município: 4126207
2026-08-12 20:32:01,568 [INFO] Processando ano: 2022 para município: 4126207
2026-08-12 20:32:01,569 [INFO] Processando ano: 2023 para município: 4126207
2026-08-12 20:32:01,572 [INFO] Processando município: 4126256, Sarandi
2026-08-12 20:32:01,574 [INFO] Processando ano: 2021 para município: 4126256
2026-08-12 20:32:01,574 [INFO] Processando ano: 2022 para município: 4126256
2026-08-12 20:32:01,575 [INFO] Processando ano: 2023 para município: 4126256
2026-08-12 20:32:01,576 [INFO] Processando município: 4126272, Saudade do Iguaçu
2026-08-12 20:32:01,578 [INFO] Processando ano: 2021 para município: 4126272
2026-08-12 20:32:01,579 [INFO] Processando ano: 2022 para município: 4126272
2026-08-12 20:32:01,580 [INFO] Processando ano: 2023 para município: 4126272
2026-08-12 20:32:01,581 [INFO] Processando município: 4126306, Sengés
2026-08-12 20:32:01,582 [INFO] Processando ano: 2021 para município: 4126306
2026-08-12 20:32:01,583 [INFO] Processando ano: 2022 para município: 4126306
2026-08-12 20:32:01,587 [INFO] Processando ano: 2023 para município: 4126306
2026-08-12 20:32:01,589 [INFO] Processando município: 4126355, Serranópolis do Iguaçu
2026-08-12 20:32:01,590 [INFO] Processando ano: 2021 para município: 4126355
2026-08-12 20:32:01,591 [INFO] Processando ano: 2022 para município: 4126355
2026-08-12 20:32:01,592 [INFO] Processando ano: 2023 para município: 4126355
2026-08-12 20:32:01,593 [INFO] Processando município: 4126405, Sertaneja
2026-08-12 20:32:01,594 [INFO] Processando ano: 2021 para município: 4126405
2026-08-12 20:32:01,595 [INFO] Processando ano: 2022 para município: 4126405
2026-08-12 20:32:01,596 [INFO] Processando ano: 2023 para município: 4126405
2026-08-12 20:32:01,597 [INFO] Processando município: 4126504, Sertanópolis
2026-08-12 20:32:01,598 [INFO] Processando ano: 2021 para município: 4126504
2026-08-12 20:32:01,600 [INFO] Processando ano: 2022 para município: 4126504
2026-08-12 20:32:01,601 [INFO] Processando ano: 2023 para município: 4126504
2026-08-12 20:32:01,604 [INFO] Processando município: 4126603, Siqueira Campos
2026-08-12 20:32:01,605 [INFO] Processando ano: 2021 para município: 4126603
2026-08-12 20:32:01,605 [INFO] Processando ano: 2022 para município: 4126603
2026-08-12 20:32:01,606 [INFO] Processando ano: 2023 para município: 4126603
2026-08-12 20:32:01,607 [INFO] Processando município: 4126652, Sulina
2026-08-12 20:32:01,608 [INFO] Processando ano: 2021 para município: 4126652
2026-08-12 20:32:01,609 [INFO] Processando ano: 2022 para município: 4126652
2026-08-12 20:32:01,610 [INFO] Processando ano: 2023 para município: 4126652
2026-08-12 20:32:01,611 [INFO] Processando município: 4126678, Tamarana
2026-08-12 20:32:01,612 [INFO] Processando ano: 2021 para município: 4126678
2026-08-12 20:32:01,613 [INFO] Processando ano: 2022 para município: 4126678
2026-08-12 20:32:01,614 [INFO] Processando ano: 2023 para município: 4126678
2026-08-12 20:32:01,615 [INFO] Processando município: 4126702, Tamboara
2026-08-12 20:32:01,616 [INFO] Processando ano: 2021 para município: 4126702
2026-08-12 20:32:01,617 [INFO] Processando ano: 2022 para município: 4126702
2026-08-12 20:32:01,619 [INFO] Processando ano: 2023 para município: 4126702
2026-08-12 20:32:01,621 [INFO] Processando município: 4126801, Tapejara
2026-08-12 20:32:01,622 [INFO] Processando ano: 2021 para município: 4126801
2026-08-12 20:32:01,623 [INFO] Processando ano: 2022 para município: 4126801
2026-08-12 20:32:01,624 [INFO] Processando ano: 2023 para município: 4126801
2026-08-12 20:32:01,625 [INFO] Processando município: 4126900, Tapira
2026-08-12 20:32:01,627 [INFO] Processando ano: 2021 para município: 4126900
2026-08-12 20:32:01,628 [INFO] Processando ano: 2022 para município: 4126900
2026-08-12 20:32:01,629 [INFO] Processando ano: 2023 para município: 4126900
2026-08-12 20:32:01,630 [INFO] Processando município: 4127007, Teixeira Soares
2026-08-12 20:32:01,631 [INFO] Processando ano: 2021 para município: 4127007
2026-08-12 20:32:01,632 [INFO] Processando ano: 2022 para município: 4127007
2026-08-12 20:32:01,634 [INFO] Processando ano: 2023 para município: 4127007
2026-08-12 20:32:01,636 [INFO] Processando município: 4127106, Telêmaco Borba
2026-08-12 20:32:01,637 [INFO] Processando ano: 2021 para município: 4127106
2026-08-12 20:32:01,638 [INFO] Processando ano: 2022 para município: 4127106
2026-08-12 20:32:01,639 [INFO] Processando ano: 2023 para município: 4127106
2026-08-12 20:32:01,640 [INFO] Processando município: 4127205, Terra Boa
2026-08-12 20:32:01,641 [INFO] Processando ano: 2021 para município: 4127205
2026-08-12 20:32:01,642 [INFO] Processando ano: 2022 para município: 4127205
2026-08-12 20:32:01,643 [INFO] Processando ano: 2023 para município: 4127205
2026-08-12 20:32:01,644 [INFO] Processando município: 4127304, Terra Rica
2026-08-12 20:32:01,645 [INFO] Processando ano: 2021 para município: 4127304
2026-08-12 20:32:01,646 [INFO] Processando ano: 2022 para município: 4127304
2026-08-12 20:32:01,647 [INFO] Processando ano: 2023 para município: 4127304
2026-08-12 20:32:01,648 [INFO] Processando município: 4127403, Terra Roxa
2026-08-12 20:32:01,650 [INFO] Processando ano: 2021 para município: 4127403
2026-08-12 20:32:01,651 [INFO] Processando ano: 2022 para município: 4127403
2026-08-12 20:32:01,651 [INFO] Processando ano: 2023 para município: 4127403
2026-08-12 20:32:01,652 [INFO] Processando município: 4127502, Tibagi
2026-08-12 20:32:01,654 [INFO] Processando ano: 2021 para município: 4127502
2026-08-12 20:32:01,656 [INFO] Processando ano: 2022 para município: 4127502
2026-08-12 20:32:01,657 [INFO] Processando ano: 2023 para município: 4127502
2026-08-12 20:32:01,658 [INFO] Processando município: 4127601, Tijucas do Sul
2026-08-12 20:32:01,658 [INFO] Processando ano: 2021 para município: 4127601
2026-08-12 20:32:01,659 [INFO] Processando ano: 2022 para município: 4127601
2026-08-12 20:32:01,660 [INFO] Processando ano: 2023 para município: 4127601
2026-08-12 20:32:01,661 [INFO] Processando município: 4127700, Toledo
2026-08-12 20:32:01,663 [INFO] Processando ano: 2021 para município: 4127700
2026-08-12 20:32:01,664 [INFO] Processando ano: 2022 para município: 4127700
2026-08-12 20:32:01,665 [INFO] Processando ano: 2023 para município: 4127700
2026-08-12 20:32:01,666 [INFO] Processando município: 4127809, Tomazina
2026-08-12 20:32:01,668 [INFO] Processando ano: 2021 para município: 4127809
2026-08-12 20:32:01,669 [INFO] Processando ano: 2022 para município: 4127809
2026-08-12 20:32:01,670 [INFO] Processando ano: 2023 para município: 4127809
2026-08-12 20:32:01,671 [INFO] Processando município: 4127858, Três Barras do Paraná
2026-08-12 20:32:01,672 [INFO] Processando ano: 2021 para município: 4127858
2026-08-12 20:32:01,673 [INFO] Processando ano: 2022 para município: 4127858
2026-08-12 20:32:01,673 [INFO] Processando ano: 2023 para município: 4127858
2026-08-12 20:32:01,674 [INFO] Processando município: 4127882, Tunas do Paraná
2026-08-12 20:32:01,675 [INFO] Processando ano: 2021 para município: 4127882
2026-08-12 20:32:01,678 [INFO] Processando ano: 2022 para município: 4127882
2026-08-12 20:32:01,679 [INFO] Processando ano: 2023 para município: 4127882
2026-08-12 20:32:01,681 [INFO] Processando município: 4127908, Tuneiras do Oeste
2026-08-12 20:32:01,683 [INFO] Processando ano: 2021 para município: 4127908
2026-08-12 20:32:01,685 [INFO] Processando ano: 2022 para município: 4127908
2026-08-12 20:32:01,686 [INFO] Processando ano: 2023 para município: 4127908
2026-08-12 20:32:01,687 [INFO] Processando município: 4127957, Tupãssi
2026-08-12 20:32:01,688 [INFO] Processando ano: 2021 para município: 4127957
2026-08-12 20:32:01,689 [INFO] Processando ano: 2022 para município: 4127957
2026-08-12 20:32:01,690 [INFO] Processando ano: 2023 para município: 4127957
2026-08-12 20:32:01,691 [INFO] Processando município: 4127965, Turvo
2026-08-12 20:32:01,692 [INFO] Processando ano: 2021 para município: 4127965
2026-08-12 20:32:01,693 [INFO] Processando ano: 2022 para município: 4127965
2026-08-12 20:32:01,694 [INFO] Processando ano: 2023 para município: 4127965
2026-08-12 20:32:01,695 [INFO] Processando município: 4128005, Ubiratã
2026-08-12 20:32:01,696 [INFO] Processando ano: 2021 para município: 4128005
2026-08-12 20:32:01,697 [INFO] Processando ano: 2022 para município: 4128005
2026-08-12 20:32:01,698 [INFO] Processando ano: 2023 para município: 4128005
2026-08-12 20:32:01,701 [INFO] Processando município: 4128104, Umuarama
2026-08-12 20:32:01,702 [INFO] Processando ano: 2021 para município: 4128104
2026-08-12 20:32:01,703 [INFO] Processando ano: 2022 para município: 4128104
2026-08-12 20:32:01,704 [INFO] Processando ano: 2023 para município: 4128104
2026-08-12 20:32:01,705 [INFO] Processando município: 4128203, União da Vitória
2026-08-12 20:32:01,706 [INFO] Processando ano: 2021 para município: 4128203
2026-08-12 20:32:01,707 [INFO] Processando ano: 2022 para município: 4128203
2026-08-12 20:32:01,708 [INFO] Processando ano: 2023 para município: 4128203
2026-08-12 20:32:01,709 [INFO] Processando município: 4128302, Uniflor
2026-08-12 20:32:01,710 [INFO] Processando ano: 2021 para município: 4128302
2026-08-12 20:32:01,711 [INFO] Processando ano: 2022 para município: 4128302
2026-08-12 20:32:01,712 [INFO] Processando ano: 2023 para município: 4128302
2026-08-12 20:32:01,713 [INFO] Processando município: 4128401, Uraí
2026-08-12 20:32:01,714 [INFO] Processando ano: 2021 para município: 4128401
2026-08-12 20:32:01,715 [INFO] Processando ano: 2022 para município: 4128401
2026-08-12 20:32:01,716 [INFO] Processando ano: 2023 para município: 4128401
2026-08-12 20:32:01,719 [INFO] Processando município: 4128500, Wenceslau Braz
2026-08-12 20:32:01,722 [INFO] Processando ano: 2021 para município: 4128500
2026-08-12 20:32:01,723 [INFO] Processando ano: 2022 para município: 4128500
2026-08-12 20:32:01,724 [INFO] Processando ano: 2023 para município: 4128500
2026-08-12 20:32:01,726 [INFO] Processando município: 4128534, Ventania
2026-08-12 20:32:01,727 [INFO] Processando ano: 2021 para município: 4128534
2026-08-12 20:32:01,728 [INFO] Processando ano: 2022 para município: 4128534
2026-08-12 20:32:01,730 [INFO] Processando ano: 2023 para município: 4128534
2026-08-12 20:32:01,732 [INFO] Processando município: 4128559, Vera Cruz do Oeste
2026-08-12 20:32:01,734 [INFO] Processando ano: 2021 para município: 4128559
2026-08-12 20:32:01,737 [INFO] Processando ano: 2022 para município: 4128559
2026-08-12 20:32:01,738 [INFO] Processando ano: 2023 para município: 4128559
2026-08-12 20:32:01,740 [INFO] Processando município: 4128609, Verê
2026-08-12 20:32:01,741 [INFO] Processando ano: 2021 para município: 4128609
2026-08-12 20:32:01,742 [INFO] Processando ano: 2022 para município: 4128609
2026-08-12 20:32:01,743 [INFO] Processando ano: 2023 para município: 4128609
2026-08-12 20:32:01,745 [INFO] Processando município: 4128625, Alto Paraíso
2026-08-12 20:32:01,748 [INFO] Processando ano: 2021 para município: 4128625
2026-08-12 20:32:01,749 [INFO] Processando ano: 2022 para município: 4128625
2026-08-12 20:32:01,753 [INFO] Processando ano: 2023 para município: 4128625
2026-08-12 20:32:01,754 [INFO] Processando município: 4128633, Doutor Ulysses
2026-08-12 20:32:01,756 [INFO] Processando ano: 2021 para município: 4128633
2026-08-12 20:32:01,757 [INFO] Processando ano: 2022 para município: 4128633
2026-08-12 20:32:01,758 [INFO] Processando ano: 2023 para município: 4128633
2026-08-12 20:32:01,761 [INFO] Processando município: 4128658, Virmond
2026-08-12 20:32:01,767 [INFO] Processando ano: 2021 para município: 4128658
2026-08-12 20:32:01,768 [INFO] Processando ano: 2022 para município: 4128658
2026-08-12 20:32:01,772 [INFO] Processando ano: 2023 para município: 4128658
2026-08-12 20:32:01,773 [INFO] Processando município: 4128708, Vitorino
2026-08-12 20:32:01,774 [INFO] Processando ano: 2021 para município: 4128708
2026-08-12 20:32:01,775 [INFO] Processando ano: 2022 para município: 4128708
2026-08-12 20:32:01,776 [INFO] Processando ano: 2023 para município: 4128708
2026-08-12 20:32:01,777 [INFO] Processando município: 4128807, Xambrê
2026-08-12 20:32:01,778 [INFO] Processando ano: 2021 para município: 4128807
2026-08-12 20:32:01,779 [INFO] Processando ano: 2022 para município: 4128807
2026-08-12 20:32:01,780 [INFO] Processando ano: 2023 para município: 4128807
2026-08-12 20:32:01,790 [INFO] Download: Abatiá (4100103) - Ano: 2021.
2026-08-12 20:32:01,793 [INFO] Download: Abatiá (4100103) - Ano: 2022.
2026-08-12 20:32:01,797 [INFO] Download: Abatiá (4100103) - Ano: 2023.
2026-08-12 20:32:01,804 [INFO] Download: Adrianópolis (4100202) - Ano: 2021.
2026-08-12 20:32:01,810 [INFO] Download: Adrianópolis (4100202) - Ano: 2022.
2026-08-12 20:32:01,818 [INFO] Download: Adrianópolis (4100202) - Ano: 2023.
2026-08-12 20:32:01,821 [INFO] Download: Agudos do Sul (4100301) - Ano: 2021.
2026-08-12 20:32:01,824 [INFO] Download: Agudos do Sul (4100301) - Ano: 2022.
2026-08-12 20:32:01,826 [INFO] Download: Agudos do Sul (4100301) - Ano: 2023.
2026-08-12 20:32:01,829 [INFO] Download: Almirante Tamandaré (4100400) - Ano: 2021.
2026-08-12 20:32:01,832 [INFO] Download: Almirante Tamandaré (4100400) - Ano: 2022.
2026-08-12 20:32:01,835 [INFO] Download: Almirante Tamandaré (4100400) - Ano: 2023.
2026-08-12 20:32:01,838 [INFO] Download: Altamira do Paraná (4100459) - Ano: 2021.
2026-08-12 20:32:01,840 [INFO] Download: Altamira do Paraná (4100459) - Ano: 2022.
2026-08-12 20:32:01,842 [INFO] Download: Altamira do Paraná (4100459) - Ano: 2023.
2026-08-12 20:32:01,844 [INFO] Download: Altônia (4100509) - Ano: 2021.
2026-08-12 20:32:01,847 [INFO] Download: Altônia (4100509) - Ano: 2022.
2026-08-12 20:32:01,850 [INFO] Download: Altônia (4100509) - Ano: 2023.
2026-08-12 20:32:01,853 [INFO] Download: Alto Paraná (4100608) - Ano: 2021.
2026-08-12 20:32:01,855 [INFO] Download: Alto Paraná (4100608) - Ano: 2022.
2026-08-12 20:32:01,857 [INFO] Download: Alto Paraná (4100608) - Ano: 2023.
2026-08-12 20:32:01,859 [INFO] Download: Alto Piquiri (4100707) - Ano: 2021.
2026-08-12 20:32:01,862 [INFO] Download: Alto Piquiri (4100707) - Ano: 2022.
2026-08-12 20:32:01,865 [INFO] Download: Alto Piquiri (4100707) - Ano: 2023.
2026-08-12 20:32:01,868 [INFO] Download: Alvorada do Sul (4100806) - Ano: 2021.
2026-08-12 20:32:01,870 [INFO] Download: Alvorada do Sul (4100806) - Ano: 2022.
2026-08-12 20:32:01,872 [INFO] Download: Alvorada do Sul (4100806) - Ano: 2023.
2026-08-12 20:32:01,874 [INFO] Download: Amaporã (4100905) - Ano: 2021.
2026-08-12 20:32:01,876 [INFO] Download: Amaporã (4100905) - Ano: 2022.
2026-08-12 20:32:01,878 [INFO] Download: Amaporã (4100905) - Ano: 2023.
2026-08-12 20:32:01,881 [INFO] Download: Ampére (4101002) - Ano: 2021.
2026-08-12 20:32:01,885 [INFO] Download: Ampére (4101002) - Ano: 2022.
2026-08-12 20:32:01,887 [INFO] Download: Ampére (4101002) - Ano: 2023.
2026-08-12 20:32:01,889 [INFO] Download: Anahy (4101051) - Ano: 2021.
2026-08-12 20:32:01,891 [INFO] Download: Anahy (4101051) - Ano: 2022.
2026-08-12 20:32:01,893 [INFO] Download: Anahy (4101051) - Ano: 2023.
2026-08-12 20:32:01,896 [INFO] Download: Andirá (4101101) - Ano: 2021.
2026-08-12 20:32:01,898 [INFO] Download: Andirá (4101101) - Ano: 2022.
2026-08-12 20:32:01,902 [INFO] Download: Andirá (4101101) - Ano: 2023.
2026-08-12 20:32:01,904 [INFO] Download: Ângulo (4101150) - Ano: 2021.
2026-08-12 20:32:01,906 [INFO] Download: Ângulo (4101150) - Ano: 2022.
2026-08-12 20:32:01,908 [INFO] Download: Ângulo (4101150) - Ano: 2023.
2026-08-12 20:32:01,910 [INFO] Download: Antonina (4101200) - Ano: 2021.
2026-08-12 20:32:01,912 [INFO] Download: Antonina (4101200) - Ano: 2022.
2026-08-12 20:32:01,915 [INFO] Download: Antonina (4101200) - Ano: 2023.
2026-08-12 20:32:01,923 [INFO] Download: Antônio Olinto (4101309) - Ano: 2021.
2026-08-12 20:32:01,925 [INFO] Download: Antônio Olinto (4101309) - Ano: 2022.
2026-08-12 20:32:01,927 [INFO] Download: Antônio Olinto (4101309) - Ano: 2023.
2026-08-12 20:32:01,930 [INFO] Download: Apucarana (4101408) - Ano: 2021.
2026-08-12 20:32:01,933 [INFO] Download: Apucarana (4101408) - Ano: 2022.
2026-08-12 20:32:01,935 [INFO] Download: Apucarana (4101408) - Ano: 2023.
2026-08-12 20:32:01,943 [INFO] Download: Arapongas (4101507) - Ano: 2021.
2026-08-12 20:32:01,945 [INFO] Download: Arapongas (4101507) - Ano: 2022.
2026-08-12 20:32:01,948 [INFO] Download: Arapongas (4101507) - Ano: 2023.
2026-08-12 20:32:01,953 [INFO] Download: Arapoti (4101606) - Ano: 2021.
2026-08-12 20:32:01,955 [INFO] Download: Arapoti (4101606) - Ano: 2022.
2026-08-12 20:32:01,957 [INFO] Download: Arapoti (4101606) - Ano: 2023.
2026-08-12 20:32:01,959 [INFO] Download: Arapuã (4101655) - Ano: 2021.
2026-08-12 20:32:01,962 [INFO] Download: Arapuã (4101655) - Ano: 2022.
2026-08-12 20:32:01,965 [INFO] Download: Arapuã (4101655) - Ano: 2023.
2026-08-12 20:32:01,968 [INFO] Download: Araruna (4101705) - Ano: 2021.
2026-08-12 20:32:01,971 [INFO] Download: Araruna (4101705) - Ano: 2022.
2026-08-12 20:32:01,973 [INFO] Download: Araruna (4101705) - Ano: 2023.
2026-08-12 20:32:01,975 [INFO] Download: Araucária (4101804) - Ano: 2021.
2026-08-12 20:32:01,978 [INFO] Download: Araucária (4101804) - Ano: 2022.
2026-08-12 20:32:01,981 [INFO] Download: Araucária (4101804) - Ano: 2023.
2026-08-12 20:32:01,985 [INFO] Download: Ariranha do Ivaí (4101853) - Ano: 2021.
2026-08-12 20:32:01,987 [INFO] Download: Ariranha do Ivaí (4101853) - Ano: 2022.
2026-08-12 20:32:01,989 [INFO] Download: Ariranha do Ivaí (4101853) - Ano: 2023.
2026-08-12 20:32:01,991 [INFO] Download: Assaí (4101903) - Ano: 2021.
2026-08-12 20:32:01,993 [INFO] Download: Assaí (4101903) - Ano: 2022.
2026-08-12 20:32:01,996 [INFO] Download: Assaí (4101903) - Ano: 2023.
2026-08-12 20:32:01,998 [INFO] Download: Assis Chateaubriand (4102000) - Ano: 2021.
2026-08-12 20:32:02,002 [INFO] Download: Assis Chateaubriand (4102000) - Ano: 2022.
2026-08-12 20:32:02,004 [INFO] Download: Assis Chateaubriand (4102000) - Ano: 2023.
2026-08-12 20:32:02,006 [INFO] Download: Astorga (4102109) - Ano: 2021.
2026-08-12 20:32:02,008 [INFO] Download: Astorga (4102109) - Ano: 2022.
2026-08-12 20:32:02,011 [INFO] Download: Astorga (4102109) - Ano: 2023.
2026-08-12 20:32:02,014 [INFO] Download: Atalaia (4102208) - Ano: 2021.
2026-08-12 20:32:02,017 [INFO] Download: Atalaia (4102208) - Ano: 2022.
2026-08-12 20:32:02,019 [INFO] Download: Atalaia (4102208) - Ano: 2023.
2026-08-12 20:32:02,023 [INFO] Download: Balsa Nova (4102307) - Ano: 2021.
2026-08-12 20:32:02,046 [INFO] Download: Balsa Nova (4102307) - Ano: 2022.
2026-08-12 20:32:02,053 [INFO] Download: Balsa Nova (4102307) - Ano: 2023.
2026-08-12 20:32:02,058 [INFO] Download: Bandeirantes (4102406) - Ano: 2021.
2026-08-12 20:32:02,068 [INFO] Download: Bandeirantes (4102406) - Ano: 2022.
2026-08-12 20:32:02,072 [INFO] Download: Bandeirantes (4102406) - Ano: 2023.
2026-08-12 20:32:02,075 [INFO] Download: Barbosa Ferraz (4102505) - Ano: 2021.
2026-08-12 20:32:02,081 [INFO] Download: Barbosa Ferraz (4102505) - Ano: 2022.
2026-08-12 20:32:02,088 [INFO] Download: Barbosa Ferraz (4102505) - Ano: 2023.
2026-08-12 20:32:02,096 [INFO] Download: Barracão (4102604) - Ano: 2021.
2026-08-12 20:32:02,104 [INFO] Download: Barracão (4102604) - Ano: 2022.
2026-08-12 20:32:02,108 [INFO] Download: Barracão (4102604) - Ano: 2023.
2026-08-12 20:32:02,115 [INFO] Download: Barra do Jacaré (4102703) - Ano: 2021.
2026-08-12 20:32:02,123 [INFO] Download: Barra do Jacaré (4102703) - Ano: 2022.
2026-08-12 20:32:02,129 [INFO] Download: Barra do Jacaré (4102703) - Ano: 2023.
2026-08-12 20:32:02,136 [INFO] Download: Bela Vista da Caroba (4102752) - Ano: 2021.
2026-08-12 20:32:02,140 [INFO] Download: Bela Vista da Caroba (4102752) - Ano: 2022.
2026-08-12 20:32:02,144 [INFO] Download: Bela Vista da Caroba (4102752) - Ano: 2023.
2026-08-12 20:32:02,227 [INFO] Download: Bela Vista do Paraíso (4102802) - Ano: 2021.
2026-08-12 20:32:02,290 [INFO] Download: Bela Vista do Paraíso (4102802) - Ano: 2022.
2026-08-12 20:32:02,296 [INFO] Download: Bela Vista do Paraíso (4102802) - Ano: 2023.
2026-08-12 20:32:02,301 [INFO] Download: Bituruna (4102901) - Ano: 2021.
2026-08-12 20:32:02,307 [INFO] Download: Bituruna (4102901) - Ano: 2022.
2026-08-12 20:32:02,354 [INFO] Download: Bituruna (4102901) - Ano: 2023.
2026-08-12 20:32:02,359 [INFO] Download: Boa Esperança (4103008) - Ano: 2021.
2026-08-12 20:32:02,362 [INFO] Download: Boa Esperança (4103008) - Ano: 2022.
2026-08-12 20:32:02,369 [INFO] Download: Boa Esperança (4103008) - Ano: 2023.
2026-08-12 20:32:02,377 [INFO] Download: Boa Esperança do Iguaçu (4103024) - Ano: 2021.
2026-08-12 20:32:02,387 [INFO] Download: Boa Esperança do Iguaçu (4103024) - Ano: 2022.
2026-08-12 20:32:02,393 [INFO] Download: Boa Esperança do Iguaçu (4103024) - Ano: 2023.
2026-08-12 20:32:02,403 [INFO] Download: Boa Ventura de São Roque (4103040) - Ano: 2021.
2026-08-12 20:32:02,411 [INFO] Download: Boa Ventura de São Roque (4103040) - Ano: 2022.
2026-08-12 20:32:02,421 [INFO] Download: Boa Ventura de São Roque (4103040) - Ano: 2023.
2026-08-12 20:32:02,428 [INFO] Download: Boa Vista da Aparecida (4103057) - Ano: 2021.
2026-08-12 20:32:02,434 [INFO] Download: Boa Vista da Aparecida (4103057) - Ano: 2022.
2026-08-12 20:32:02,439 [INFO] Download: Boa Vista da Aparecida (4103057) - Ano: 2023.
2026-08-12 20:32:02,443 [INFO] Download: Bocaiúva do Sul (4103107) - Ano: 2021.
2026-08-12 20:32:02,450 [INFO] Download: Bocaiúva do Sul (4103107) - Ano: 2022.
2026-08-12 20:32:02,456 [INFO] Download: Bocaiúva do Sul (4103107) - Ano: 2023.
2026-08-12 20:32:02,462 [INFO] Download: Bom Jesus do Sul (4103156) - Ano: 2021.
2026-08-12 20:32:02,471 [INFO] Download: Bom Jesus do Sul (4103156) - Ano: 2022.
2026-08-12 20:32:02,476 [INFO] Download: Bom Jesus do Sul (4103156) - Ano: 2023.
2026-08-12 20:32:02,484 [INFO] Download: Bom Sucesso (4103206) - Ano: 2021.
2026-08-12 20:32:02,489 [INFO] Download: Bom Sucesso (4103206) - Ano: 2022.
2026-08-12 20:32:02,493 [INFO] Download: Bom Sucesso (4103206) - Ano: 2023.
2026-08-12 20:32:02,500 [INFO] Download: Bom Sucesso do Sul (4103222) - Ano: 2021.
2026-08-12 20:32:02,504 [INFO] Download: Bom Sucesso do Sul (4103222) - Ano: 2022.
2026-08-12 20:32:02,510 [INFO] Download: Bom Sucesso do Sul (4103222) - Ano: 2023.
2026-08-12 20:32:02,514 [INFO] Download: Borrazópolis (4103305) - Ano: 2021.
2026-08-12 20:32:02,523 [INFO] Download: Borrazópolis (4103305) - Ano: 2022.
2026-08-12 20:32:02,528 [INFO] Download: Borrazópolis (4103305) - Ano: 2023.
2026-08-12 20:32:02,535 [INFO] Download: Braganey (4103354) - Ano: 2021.
2026-08-12 20:32:02,538 [INFO] Download: Braganey (4103354) - Ano: 2022.
2026-08-12 20:32:02,543 [INFO] Download: Braganey (4103354) - Ano: 2023.
2026-08-12 20:32:02,551 [INFO] Download: Brasilândia do Sul (4103370) - Ano: 2021.
2026-08-12 20:32:02,555 [INFO] Download: Brasilândia do Sul (4103370) - Ano: 2022.
2026-08-12 20:32:02,561 [INFO] Download: Brasilândia do Sul (4103370) - Ano: 2023.
2026-08-12 20:32:02,571 [INFO] Download: Cafeara (4103404) - Ano: 2021.
2026-08-12 20:32:02,576 [INFO] Download: Cafeara (4103404) - Ano: 2022.
2026-08-12 20:32:02,585 [INFO] Download: Cafeara (4103404) - Ano: 2023.
2026-08-12 20:32:02,589 [INFO] Download: Cafelândia (4103453) - Ano: 2021.
2026-08-12 20:32:02,595 [INFO] Download: Cafelândia (4103453) - Ano: 2022.
2026-08-12 20:32:02,603 [INFO] Download: Cafelândia (4103453) - Ano: 2023.
2026-08-12 20:32:02,608 [INFO] Download: Cafezal do Sul (4103479) - Ano: 2021.
2026-08-12 20:32:02,615 [INFO] Download: Cafezal do Sul (4103479) - Ano: 2022.
2026-08-12 20:32:02,620 [INFO] Download: Cafezal do Sul (4103479) - Ano: 2023.
2026-08-12 20:32:02,624 [INFO] Download: Califórnia (4103503) - Ano: 2021.
2026-08-12 20:32:02,627 [INFO] Download: Califórnia (4103503) - Ano: 2022.
2026-08-12 20:32:02,629 [INFO] Download: Califórnia (4103503) - Ano: 2023.
2026-08-12 20:32:02,633 [INFO] Download: Cambará (4103602) - Ano: 2021.
2026-08-12 20:32:02,636 [INFO] Download: Cambará (4103602) - Ano: 2022.
2026-08-12 20:32:02,639 [INFO] Download: Cambará (4103602) - Ano: 2023.
2026-08-12 20:32:02,641 [INFO] Download: Cambé (4103701) - Ano: 2021.
2026-08-12 20:32:02,644 [INFO] Download: Cambé (4103701) - Ano: 2022.
2026-08-12 20:32:02,647 [INFO] Download: Cambé (4103701) - Ano: 2023.
2026-08-12 20:32:02,650 [INFO] Download: Cambira (4103800) - Ano: 2021.
2026-08-12 20:32:02,653 [INFO] Download: Cambira (4103800) - Ano: 2022.
2026-08-12 20:32:02,656 [INFO] Download: Cambira (4103800) - Ano: 2023.
2026-08-12 20:32:02,658 [INFO] Download: Campina da Lagoa (4103909) - Ano: 2021.
2026-08-12 20:32:02,660 [INFO] Download: Campina da Lagoa (4103909) - Ano: 2022.
2026-08-12 20:32:02,663 [INFO] Download: Campina da Lagoa (4103909) - Ano: 2023.
2026-08-12 20:32:02,667 [INFO] Download: Campina do Simão (4103958) - Ano: 2021.
2026-08-12 20:32:02,669 [INFO] Download: Campina do Simão (4103958) - Ano: 2022.
2026-08-12 20:32:02,672 [INFO] Download: Campina do Simão (4103958) - Ano: 2023.
2026-08-12 20:32:02,674 [INFO] Download: Campina Grande do Sul (4104006) - Ano: 2021.
2026-08-12 20:32:02,676 [INFO] Download: Campina Grande do Sul (4104006) - Ano: 2022.
2026-08-12 20:32:02,678 [INFO] Download: Campina Grande do Sul (4104006) - Ano: 2023.
2026-08-12 20:32:02,681 [INFO] Download: Campo Bonito (4104055) - Ano: 2021.
2026-08-12 20:32:02,684 [INFO] Download: Campo Bonito (4104055) - Ano: 2022.
2026-08-12 20:32:02,686 [INFO] Download: Campo Bonito (4104055) - Ano: 2023.
2026-08-12 20:32:02,688 [INFO] Download: Campo do Tenente (4104105) - Ano: 2021.
2026-08-12 20:32:02,691 [INFO] Download: Campo do Tenente (4104105) - Ano: 2022.
2026-08-12 20:32:02,693 [INFO] Download: Campo do Tenente (4104105) - Ano: 2023.
2026-08-12 20:32:02,695 [INFO] Download: Campo Largo (4104204) - Ano: 2021.
2026-08-12 20:32:02,698 [INFO] Download: Campo Largo (4104204) - Ano: 2022.
2026-08-12 20:32:02,701 [INFO] Download: Campo Largo (4104204) - Ano: 2023.
2026-08-12 20:32:02,703 [INFO] Download: Campo Magro (4104253) - Ano: 2021.
2026-08-12 20:32:02,705 [INFO] Download: Campo Magro (4104253) - Ano: 2022.
2026-08-12 20:32:02,708 [INFO] Download: Campo Magro (4104253) - Ano: 2023.
2026-08-12 20:32:02,710 [INFO] Download: Campo Mourão (4104303) - Ano: 2021.
2026-08-12 20:32:02,713 [INFO] Download: Campo Mourão (4104303) - Ano: 2022.
2026-08-12 20:32:02,718 [INFO] Download: Campo Mourão (4104303) - Ano: 2023.
2026-08-12 20:32:02,720 [INFO] Download: Cândido de Abreu (4104402) - Ano: 2021.
2026-08-12 20:32:02,722 [INFO] Download: Cândido de Abreu (4104402) - Ano: 2022.
2026-08-12 20:32:02,724 [INFO] Download: Cândido de Abreu (4104402) - Ano: 2023.
2026-08-12 20:32:02,727 [INFO] Download: Candói (4104428) - Ano: 2021.
2026-08-12 20:32:02,729 [INFO] Download: Candói (4104428) - Ano: 2022.
2026-08-12 20:32:02,734 [INFO] Download: Candói (4104428) - Ano: 2023.
2026-08-12 20:32:02,736 [INFO] Download: Cantagalo (4104451) - Ano: 2021.
2026-08-12 20:32:02,738 [INFO] Download: Cantagalo (4104451) - Ano: 2022.
2026-08-12 20:32:02,740 [INFO] Download: Cantagalo (4104451) - Ano: 2023.
2026-08-12 20:32:02,743 [INFO] Download: Capanema (4104501) - Ano: 2021.
2026-08-12 20:32:02,745 [INFO] Download: Capanema (4104501) - Ano: 2022.
2026-08-12 20:32:02,748 [INFO] Download: Capanema (4104501) - Ano: 2023.
2026-08-12 20:32:02,751 [INFO] Download: Capitão Leônidas Marques (4104600) - Ano: 2021.
2026-08-12 20:32:02,754 [INFO] Download: Capitão Leônidas Marques (4104600) - Ano: 2022.
2026-08-12 20:32:02,756 [INFO] Download: Capitão Leônidas Marques (4104600) - Ano: 2023.
2026-08-12 20:32:02,758 [INFO] Download: Carambeí (4104659) - Ano: 2021.
2026-08-12 20:32:02,760 [INFO] Download: Carambeí (4104659) - Ano: 2022.
2026-08-12 20:32:02,763 [INFO] Download: Carambeí (4104659) - Ano: 2023.
2026-08-12 20:32:02,766 [INFO] Download: Carlópolis (4104709) - Ano: 2021.
2026-08-12 20:32:02,768 [INFO] Download: Carlópolis (4104709) - Ano: 2022.
2026-08-12 20:32:02,771 [INFO] Download: Carlópolis (4104709) - Ano: 2023.
2026-08-12 20:32:02,773 [INFO] Download: Cascavel (4104808) - Ano: 2021.
2026-08-12 20:32:02,775 [INFO] Download: Cascavel (4104808) - Ano: 2022.
2026-08-12 20:32:02,777 [INFO] Download: Cascavel (4104808) - Ano: 2023.
2026-08-12 20:32:02,780 [INFO] Download: Castro (4104907) - Ano: 2021.
2026-08-12 20:32:02,784 [INFO] Download: Castro (4104907) - Ano: 2022.
2026-08-12 20:32:02,786 [INFO] Download: Castro (4104907) - Ano: 2023.
2026-08-12 20:32:02,790 [INFO] Download: Catanduvas (4105003) - Ano: 2021.
2026-08-12 20:32:02,792 [INFO] Download: Catanduvas (4105003) - Ano: 2022.
2026-08-12 20:32:02,795 [INFO] Download: Catanduvas (4105003) - Ano: 2023.
2026-08-12 20:32:02,803 [INFO] Download: Centenário do Sul (4105102) - Ano: 2021.
2026-08-12 20:32:02,806 [INFO] Download: Centenário do Sul (4105102) - Ano: 2022.
2026-08-12 20:32:02,809 [INFO] Download: Centenário do Sul (4105102) - Ano: 2023.
2026-08-12 20:32:02,811 [INFO] Download: Cerro Azul (4105201) - Ano: 2021.
2026-08-12 20:32:02,814 [INFO] Download: Cerro Azul (4105201) - Ano: 2022.
2026-08-12 20:32:02,818 [INFO] Download: Cerro Azul (4105201) - Ano: 2023.
2026-08-12 20:32:02,820 [INFO] Download: Céu Azul (4105300) - Ano: 2021.
2026-08-12 20:32:02,822 [INFO] Download: Céu Azul (4105300) - Ano: 2022.
2026-08-12 20:32:02,825 [INFO] Download: Céu Azul (4105300) - Ano: 2023.
2026-08-12 20:32:02,828 [INFO] Download: Chopinzinho (4105409) - Ano: 2021.
2026-08-12 20:32:02,830 [INFO] Download: Chopinzinho (4105409) - Ano: 2022.
2026-08-12 20:32:02,834 [INFO] Download: Chopinzinho (4105409) - Ano: 2023.
2026-08-12 20:32:02,837 [INFO] Download: Cianorte (4105508) - Ano: 2021.
2026-08-12 20:32:02,840 [INFO] Download: Cianorte (4105508) - Ano: 2022.
2026-08-12 20:32:02,842 [INFO] Download: Cianorte (4105508) - Ano: 2023.
2026-08-12 20:32:02,844 [INFO] Download: Cidade Gaúcha (4105607) - Ano: 2021.
2026-08-12 20:32:02,847 [INFO] Download: Cidade Gaúcha (4105607) - Ano: 2022.
2026-08-12 20:32:02,850 [INFO] Download: Cidade Gaúcha (4105607) - Ano: 2023.
2026-08-12 20:32:02,853 [INFO] Download: Clevelândia (4105706) - Ano: 2021.
2026-08-12 20:32:02,856 [INFO] Download: Clevelândia (4105706) - Ano: 2022.
2026-08-12 20:32:02,858 [INFO] Download: Clevelândia (4105706) - Ano: 2023.
2026-08-12 20:32:02,860 [INFO] Download: Colombo (4105805) - Ano: 2021.
2026-08-12 20:32:02,864 [INFO] Download: Colombo (4105805) - Ano: 2022.
2026-08-12 20:32:02,869 [INFO] Download: Colombo (4105805) - Ano: 2023.
2026-08-12 20:32:02,873 [INFO] Download: Colorado (4105904) - Ano: 2021.
2026-08-12 20:32:02,876 [INFO] Download: Colorado (4105904) - Ano: 2022.
2026-08-12 20:32:02,879 [INFO] Download: Colorado (4105904) - Ano: 2023.
2026-08-12 20:32:02,886 [INFO] Download: Congonhinhas (4106001) - Ano: 2021.
2026-08-12 20:32:02,889 [INFO] Download: Congonhinhas (4106001) - Ano: 2022.
2026-08-12 20:32:02,894 [INFO] Download: Congonhinhas (4106001) - Ano: 2023.
2026-08-12 20:32:02,905 [INFO] Download: Conselheiro Mairinck (4106100) - Ano: 2021.
2026-08-12 20:32:02,908 [INFO] Download: Conselheiro Mairinck (4106100) - Ano: 2022.
2026-08-12 20:32:02,911 [INFO] Download: Conselheiro Mairinck (4106100) - Ano: 2023.
2026-08-12 20:32:02,915 [INFO] Download: Contenda (4106209) - Ano: 2021.
2026-08-12 20:32:02,918 [INFO] Download: Contenda (4106209) - Ano: 2022.
2026-08-12 20:32:02,921 [INFO] Download: Contenda (4106209) - Ano: 2023.
2026-08-12 20:32:02,924 [INFO] Download: Corbélia (4106308) - Ano: 2021.
2026-08-12 20:32:02,926 [INFO] Download: Corbélia (4106308) - Ano: 2022.
2026-08-12 20:32:02,929 [INFO] Download: Corbélia (4106308) - Ano: 2023.
2026-08-12 20:32:02,934 [INFO] Download: Cornélio Procópio (4106407) - Ano: 2021.
2026-08-12 20:32:02,936 [INFO] Download: Cornélio Procópio (4106407) - Ano: 2022.
2026-08-12 20:32:02,939 [INFO] Download: Cornélio Procópio (4106407) - Ano: 2023.
2026-08-12 20:32:02,941 [INFO] Download: Coronel Domingos Soares (4106456) - Ano: 2021.
2026-08-12 20:32:02,944 [INFO] Download: Coronel Domingos Soares (4106456) - Ano: 2022.
2026-08-12 20:32:02,946 [INFO] Download: Coronel Domingos Soares (4106456) - Ano: 2023.
2026-08-12 20:32:02,950 [INFO] Download: Coronel Vivida (4106506) - Ano: 2021.
2026-08-12 20:32:02,953 [INFO] Download: Coronel Vivida (4106506) - Ano: 2022.
2026-08-12 20:32:02,955 [INFO] Download: Coronel Vivida (4106506) - Ano: 2023.
2026-08-12 20:32:02,958 [INFO] Download: Corumbataí do Sul (4106555) - Ano: 2021.
2026-08-12 20:32:02,961 [INFO] Download: Corumbataí do Sul (4106555) - Ano: 2022.
2026-08-12 20:32:02,963 [INFO] Download: Corumbataí do Sul (4106555) - Ano: 2023.
2026-08-12 20:32:02,967 [INFO] Download: Cruzeiro do Iguaçu (4106571) - Ano: 2021.
2026-08-12 20:32:02,970 [INFO] Download: Cruzeiro do Iguaçu (4106571) - Ano: 2022.
2026-08-12 20:32:02,973 [INFO] Download: Cruzeiro do Iguaçu (4106571) - Ano: 2023.
2026-08-12 20:32:02,975 [INFO] Download: Cruzeiro do Oeste (4106605) - Ano: 2021.
2026-08-12 20:32:02,978 [INFO] Download: Cruzeiro do Oeste (4106605) - Ano: 2022.
2026-08-12 20:32:02,981 [INFO] Download: Cruzeiro do Oeste (4106605) - Ano: 2023.
2026-08-12 20:32:02,984 [INFO] Download: Cruzeiro do Sul (4106704) - Ano: 2021.
2026-08-12 20:32:02,987 [INFO] Download: Cruzeiro do Sul (4106704) - Ano: 2022.
2026-08-12 20:32:02,990 [INFO] Download: Cruzeiro do Sul (4106704) - Ano: 2023.
2026-08-12 20:32:02,992 [INFO] Download: Cruz Machado (4106803) - Ano: 2021.
2026-08-12 20:32:02,994 [INFO] Download: Cruz Machado (4106803) - Ano: 2022.
2026-08-12 20:32:02,998 [INFO] Download: Cruz Machado (4106803) - Ano: 2023.
2026-08-12 20:32:03,001 [INFO] Download: Cruzmaltina (4106852) - Ano: 2021.
2026-08-12 20:32:03,003 [INFO] Download: Cruzmaltina (4106852) - Ano: 2022.
2026-08-12 20:32:03,007 [INFO] Download: Cruzmaltina (4106852) - Ano: 2023.
2026-08-12 20:32:03,009 [INFO] Download: Curitiba (4106902) - Ano: 2021.
2026-08-12 20:32:03,011 [INFO] Download: Curitiba (4106902) - Ano: 2022.
2026-08-12 20:32:03,015 [INFO] Download: Curitiba (4106902) - Ano: 2023.
2026-08-12 20:32:03,018 [INFO] Download: Curiúva (4107009) - Ano: 2021.
2026-08-12 20:32:03,020 [INFO] Download: Curiúva (4107009) - Ano: 2022.
2026-08-12 20:32:03,022 [INFO] Download: Curiúva (4107009) - Ano: 2023.
2026-08-12 20:32:03,025 [INFO] Download: Diamante do Norte (4107108) - Ano: 2021.
2026-08-12 20:32:03,027 [INFO] Download: Diamante do Norte (4107108) - Ano: 2022.
2026-08-12 20:32:03,029 [INFO] Download: Diamante do Norte (4107108) - Ano: 2023.
2026-08-12 20:32:03,034 [INFO] Download: Diamante do Sul (4107124) - Ano: 2021.
2026-08-12 20:32:03,037 [INFO] Download: Diamante do Sul (4107124) - Ano: 2022.
2026-08-12 20:32:03,039 [INFO] Download: Diamante do Sul (4107124) - Ano: 2023.
2026-08-12 20:32:03,041 [INFO] Download: Diamante D'Oeste (4107157) - Ano: 2021.
2026-08-12 20:32:03,044 [INFO] Download: Diamante D'Oeste (4107157) - Ano: 2022.
2026-08-12 20:32:03,047 [INFO] Download: Diamante D'Oeste (4107157) - Ano: 2023.
2026-08-12 20:32:03,051 [INFO] Download: Dois Vizinhos (4107207) - Ano: 2021.
2026-08-12 20:32:03,054 [INFO] Download: Dois Vizinhos (4107207) - Ano: 2022.
2026-08-12 20:32:03,056 [INFO] Download: Dois Vizinhos (4107207) - Ano: 2023.
2026-08-12 20:32:03,058 [INFO] Download: Douradina (4107256) - Ano: 2021.
2026-08-12 20:32:03,061 [INFO] Download: Douradina (4107256) - Ano: 2022.
2026-08-12 20:32:03,063 [INFO] Download: Douradina (4107256) - Ano: 2023.
2026-08-12 20:32:03,067 [INFO] Download: Doutor Camargo (4107306) - Ano: 2021.
2026-08-12 20:32:03,070 [INFO] Download: Doutor Camargo (4107306) - Ano: 2022.
2026-08-12 20:32:03,072 [INFO] Download: Doutor Camargo (4107306) - Ano: 2023.
2026-08-12 20:32:03,075 [INFO] Download: Enéas Marques (4107405) - Ano: 2021.
2026-08-12 20:32:03,078 [INFO] Download: Enéas Marques (4107405) - Ano: 2022.
2026-08-12 20:32:03,081 [INFO] Download: Enéas Marques (4107405) - Ano: 2023.
2026-08-12 20:32:03,085 [INFO] Download: Engenheiro Beltrão (4107504) - Ano: 2021.
2026-08-12 20:32:03,088 [INFO] Download: Engenheiro Beltrão (4107504) - Ano: 2022.
2026-08-12 20:32:03,090 [INFO] Download: Engenheiro Beltrão (4107504) - Ano: 2023.
2026-08-12 20:32:03,094 [INFO] Download: Esperança Nova (4107520) - Ano: 2021.
2026-08-12 20:32:03,096 [INFO] Download: Esperança Nova (4107520) - Ano: 2022.
2026-08-12 20:32:03,101 [INFO] Download: Esperança Nova (4107520) - Ano: 2023.
2026-08-12 20:32:03,103 [INFO] Download: Entre Rios do Oeste (4107538) - Ano: 2021.
2026-08-12 20:32:03,105 [INFO] Download: Entre Rios do Oeste (4107538) - Ano: 2022.
2026-08-12 20:32:03,108 [INFO] Download: Entre Rios do Oeste (4107538) - Ano: 2023.
2026-08-12 20:32:03,111 [INFO] Download: Espigão Alto do Iguaçu (4107546) - Ano: 2021.
2026-08-12 20:32:03,113 [INFO] Download: Espigão Alto do Iguaçu (4107546) - Ano: 2022.
2026-08-12 20:32:03,117 [INFO] Download: Espigão Alto do Iguaçu (4107546) - Ano: 2023.
2026-08-12 20:32:03,120 [INFO] Download: Farol (4107553) - Ano: 2021.
2026-08-12 20:32:03,122 [INFO] Download: Farol (4107553) - Ano: 2022.
2026-08-12 20:32:03,124 [INFO] Download: Farol (4107553) - Ano: 2023.
2026-08-12 20:32:03,127 [INFO] Download: Faxinal (4107603) - Ano: 2021.
2026-08-12 20:32:03,129 [INFO] Download: Faxinal (4107603) - Ano: 2022.
2026-08-12 20:32:03,134 [INFO] Download: Faxinal (4107603) - Ano: 2023.
2026-08-12 20:32:03,171 [INFO] Download: Fazenda Rio Grande (4107652) - Ano: 2021.
2026-08-12 20:32:03,260 [INFO] Download: Fazenda Rio Grande (4107652) - Ano: 2022.
2026-08-12 20:32:03,265 [INFO] Download: Fazenda Rio Grande (4107652) - Ano: 2023.
2026-08-12 20:32:03,268 [INFO] Download: Fênix (4107702) - Ano: 2021.
2026-08-12 20:32:03,272 [INFO] Download: Fênix (4107702) - Ano: 2022.
2026-08-12 20:32:03,289 [INFO] Download: Fênix (4107702) - Ano: 2023.
2026-08-12 20:32:03,292 [INFO] Download: Fernandes Pinheiro (4107736) - Ano: 2021.
2026-08-12 20:32:03,302 [INFO] Download: Fernandes Pinheiro (4107736) - Ano: 2022.
2026-08-12 20:32:03,304 [INFO] Download: Fernandes Pinheiro (4107736) - Ano: 2023.
2026-08-12 20:32:03,306 [INFO] Download: Figueira (4107751) - Ano: 2021.
2026-08-12 20:32:03,308 [INFO] Download: Figueira (4107751) - Ano: 2022.
2026-08-12 20:32:03,311 [INFO] Download: Figueira (4107751) - Ano: 2023.
2026-08-12 20:32:03,313 [INFO] Download: Floraí (4107801) - Ano: 2021.
2026-08-12 20:32:03,315 [INFO] Download: Floraí (4107801) - Ano: 2022.
2026-08-12 20:32:03,319 [INFO] Download: Floraí (4107801) - Ano: 2023.
2026-08-12 20:32:03,321 [INFO] Download: Flor da Serra do Sul (4107850) - Ano: 2021.
2026-08-12 20:32:03,323 [INFO] Download: Flor da Serra do Sul (4107850) - Ano: 2022.
2026-08-12 20:32:03,326 [INFO] Download: Flor da Serra do Sul (4107850) - Ano: 2023.
2026-08-12 20:32:03,328 [INFO] Download: Floresta (4107900) - Ano: 2021.
2026-08-12 20:32:03,330 [INFO] Download: Floresta (4107900) - Ano: 2022.
2026-08-12 20:32:03,334 [INFO] Download: Floresta (4107900) - Ano: 2023.
2026-08-12 20:32:03,338 [INFO] Download: Florestópolis (4108007) - Ano: 2021.
2026-08-12 20:32:03,340 [INFO] Download: Florestópolis (4108007) - Ano: 2022.
2026-08-12 20:32:03,343 [INFO] Download: Florestópolis (4108007) - Ano: 2023.
2026-08-12 20:32:03,346 [INFO] Download: Flórida (4108106) - Ano: 2021.
2026-08-12 20:32:03,348 [INFO] Download: Flórida (4108106) - Ano: 2022.
2026-08-12 20:32:03,353 [INFO] Download: Flórida (4108106) - Ano: 2023.
2026-08-12 20:32:03,368 [INFO] Download: Formosa do Oeste (4108205) - Ano: 2021.
2026-08-12 20:32:03,375 [INFO] Download: Formosa do Oeste (4108205) - Ano: 2022.
2026-08-12 20:32:03,382 [INFO] Download: Formosa do Oeste (4108205) - Ano: 2023.
2026-08-12 20:32:03,386 [INFO] Download: Foz do Iguaçu (4108304) - Ano: 2021.
2026-08-12 20:32:03,392 [INFO] Download: Foz do Iguaçu (4108304) - Ano: 2022.
2026-08-12 20:32:03,394 [INFO] Download: Foz do Iguaçu (4108304) - Ano: 2023.
2026-08-12 20:32:03,396 [INFO] Download: Francisco Alves (4108320) - Ano: 2021.
2026-08-12 20:32:03,401 [INFO] Download: Francisco Alves (4108320) - Ano: 2022.
2026-08-12 20:32:03,403 [INFO] Download: Francisco Alves (4108320) - Ano: 2023.
2026-08-12 20:32:03,405 [INFO] Download: Francisco Beltrão (4108403) - Ano: 2021.
2026-08-12 20:32:03,407 [INFO] Download: Francisco Beltrão (4108403) - Ano: 2022.
2026-08-12 20:32:03,410 [INFO] Download: Francisco Beltrão (4108403) - Ano: 2023.
2026-08-12 20:32:03,412 [INFO] Download: Foz do Jordão (4108452) - Ano: 2021.
2026-08-12 20:32:03,414 [INFO] Download: Foz do Jordão (4108452) - Ano: 2022.
2026-08-12 20:32:03,418 [INFO] Download: Foz do Jordão (4108452) - Ano: 2023.
2026-08-12 20:32:03,420 [INFO] Download: General Carneiro (4108502) - Ano: 2021.
2026-08-12 20:32:03,422 [INFO] Download: General Carneiro (4108502) - Ano: 2022.
2026-08-12 20:32:03,425 [INFO] Download: General Carneiro (4108502) - Ano: 2023.
2026-08-12 20:32:03,427 [INFO] Download: Godoy Moreira (4108551) - Ano: 2021.
2026-08-12 20:32:03,429 [INFO] Download: Godoy Moreira (4108551) - Ano: 2022.
2026-08-12 20:32:03,431 [INFO] Download: Godoy Moreira (4108551) - Ano: 2023.
2026-08-12 20:32:03,435 [INFO] Download: Goioerê (4108601) - Ano: 2021.
2026-08-12 20:32:03,437 [INFO] Download: Goioerê (4108601) - Ano: 2022.
2026-08-12 20:32:03,439 [INFO] Download: Goioerê (4108601) - Ano: 2023.
2026-08-12 20:32:03,442 [INFO] Download: Goioxim (4108650) - Ano: 2021.
2026-08-12 20:32:03,444 [INFO] Download: Goioxim (4108650) - Ano: 2022.
2026-08-12 20:32:03,446 [INFO] Download: Goioxim (4108650) - Ano: 2023.
2026-08-12 20:32:03,448 [INFO] Download: Grandes Rios (4108700) - Ano: 2021.
2026-08-12 20:32:03,452 [INFO] Download: Grandes Rios (4108700) - Ano: 2022.
2026-08-12 20:32:03,454 [INFO] Download: Grandes Rios (4108700) - Ano: 2023.
2026-08-12 20:32:03,456 [INFO] Download: Guaíra (4108809) - Ano: 2021.
2026-08-12 20:32:03,458 [INFO] Download: Guaíra (4108809) - Ano: 2022.
2026-08-12 20:32:03,461 [INFO] Download: Guaíra (4108809) - Ano: 2023.
2026-08-12 20:32:03,463 [INFO] Download: Guairaçá (4108908) - Ano: 2021.
2026-08-12 20:32:03,465 [INFO] Download: Guairaçá (4108908) - Ano: 2022.
2026-08-12 20:32:03,469 [INFO] Download: Guairaçá (4108908) - Ano: 2023.
2026-08-12 20:32:03,471 [INFO] Download: Guamiranga (4108957) - Ano: 2021.
2026-08-12 20:32:03,473 [INFO] Download: Guamiranga (4108957) - Ano: 2022.
2026-08-12 20:32:03,475 [INFO] Download: Guamiranga (4108957) - Ano: 2023.
2026-08-12 20:32:03,477 [INFO] Download: Guapirama (4109005) - Ano: 2021.
2026-08-12 20:32:03,479 [INFO] Download: Guapirama (4109005) - Ano: 2022.
2026-08-12 20:32:03,482 [INFO] Download: Guapirama (4109005) - Ano: 2023.
2026-08-12 20:32:03,485 [INFO] Download: Guaporema (4109104) - Ano: 2021.
2026-08-12 20:32:03,487 [INFO] Download: Guaporema (4109104) - Ano: 2022.
2026-08-12 20:32:03,489 [INFO] Download: Guaporema (4109104) - Ano: 2023.
2026-08-12 20:32:03,492 [INFO] Download: Guaraci (4109203) - Ano: 2021.
2026-08-12 20:32:03,494 [INFO] Download: Guaraci (4109203) - Ano: 2022.
2026-08-12 20:32:03,496 [INFO] Download: Guaraci (4109203) - Ano: 2023.
2026-08-12 20:32:03,498 [INFO] Download: Guaraniaçu (4109302) - Ano: 2021.
2026-08-12 20:32:03,502 [INFO] Download: Guaraniaçu (4109302) - Ano: 2022.
2026-08-12 20:32:03,504 [INFO] Download: Guaraniaçu (4109302) - Ano: 2023.
2026-08-12 20:32:03,506 [INFO] Download: Guarapuava (4109401) - Ano: 2021.
2026-08-12 20:32:03,508 [INFO] Download: Guarapuava (4109401) - Ano: 2022.
2026-08-12 20:32:03,511 [INFO] Download: Guarapuava (4109401) - Ano: 2023.
2026-08-12 20:32:03,513 [INFO] Download: Guaraqueçaba (4109500) - Ano: 2021.
2026-08-12 20:32:03,515 [INFO] Download: Guaraqueçaba (4109500) - Ano: 2022.
2026-08-12 20:32:03,519 [INFO] Download: Guaraqueçaba (4109500) - Ano: 2023.
2026-08-12 20:32:03,522 [INFO] Download: Guaratuba (4109609) - Ano: 2021.
2026-08-12 20:32:03,524 [INFO] Download: Guaratuba (4109609) - Ano: 2022.
2026-08-12 20:32:03,526 [INFO] Download: Guaratuba (4109609) - Ano: 2023.
2026-08-12 20:32:03,528 [INFO] Download: Honório Serpa (4109658) - Ano: 2021.
2026-08-12 20:32:03,530 [INFO] Download: Honório Serpa (4109658) - Ano: 2022.
2026-08-12 20:32:03,534 [INFO] Download: Honório Serpa (4109658) - Ano: 2023.
2026-08-12 20:32:03,537 [INFO] Download: Ibaiti (4109708) - Ano: 2021.
2026-08-12 20:32:03,538 [INFO] Download: Ibaiti (4109708) - Ano: 2022.
2026-08-12 20:32:03,540 [INFO] Download: Ibaiti (4109708) - Ano: 2023.
2026-08-12 20:32:03,542 [INFO] Download: Ibema (4109757) - Ano: 2021.
2026-08-12 20:32:03,545 [INFO] Download: Ibema (4109757) - Ano: 2022.
2026-08-12 20:32:03,548 [INFO] Download: Ibema (4109757) - Ano: 2023.
2026-08-12 20:32:03,551 [INFO] Download: Ibiporã (4109807) - Ano: 2021.
2026-08-12 20:32:03,554 [INFO] Download: Ibiporã (4109807) - Ano: 2022.
2026-08-12 20:32:03,556 [INFO] Download: Ibiporã (4109807) - Ano: 2023.
2026-08-12 20:32:03,558 [INFO] Download: Icaraíma (4109906) - Ano: 2021.
2026-08-12 20:32:03,560 [INFO] Download: Icaraíma (4109906) - Ano: 2022.
2026-08-12 20:32:03,562 [INFO] Download: Icaraíma (4109906) - Ano: 2023.
2026-08-12 20:32:03,565 [INFO] Download: Iguaraçu (4110003) - Ano: 2021.
2026-08-12 20:32:03,569 [INFO] Download: Iguaraçu (4110003) - Ano: 2022.
2026-08-12 20:32:03,572 [INFO] Download: Iguaraçu (4110003) - Ano: 2023.
2026-08-12 20:32:03,574 [INFO] Download: Iguatu (4110052) - Ano: 2021.
2026-08-12 20:32:03,577 [INFO] Download: Iguatu (4110052) - Ano: 2022.
2026-08-12 20:32:03,580 [INFO] Download: Iguatu (4110052) - Ano: 2023.
2026-08-12 20:32:03,584 [INFO] Download: Imbaú (4110078) - Ano: 2021.
2026-08-12 20:32:03,586 [INFO] Download: Imbaú (4110078) - Ano: 2022.
2026-08-12 20:32:03,589 [INFO] Download: Imbaú (4110078) - Ano: 2023.
2026-08-12 20:32:03,591 [INFO] Download: Imbituva (4110102) - Ano: 2021.
2026-08-12 20:32:03,593 [INFO] Download: Imbituva (4110102) - Ano: 2022.
2026-08-12 20:32:03,596 [INFO] Download: Imbituva (4110102) - Ano: 2023.
2026-08-12 20:32:03,600 [INFO] Download: Inácio Martins (4110201) - Ano: 2021.
2026-08-12 20:32:03,602 [INFO] Download: Inácio Martins (4110201) - Ano: 2022.
2026-08-12 20:32:03,604 [INFO] Download: Inácio Martins (4110201) - Ano: 2023.
2026-08-12 20:32:03,606 [INFO] Download: Inajá (4110300) - Ano: 2021.
2026-08-12 20:32:03,609 [INFO] Download: Inajá (4110300) - Ano: 2022.
2026-08-12 20:32:03,611 [INFO] Download: Inajá (4110300) - Ano: 2023.
2026-08-12 20:32:03,613 [INFO] Download: Indianópolis (4110409) - Ano: 2021.
2026-08-12 20:32:03,618 [INFO] Download: Indianópolis (4110409) - Ano: 2022.
2026-08-12 20:32:03,620 [INFO] Download: Indianópolis (4110409) - Ano: 2023.
2026-08-12 20:32:03,621 [INFO] Download: Ipiranga (4110508) - Ano: 2021.
2026-08-12 20:32:03,624 [INFO] Download: Ipiranga (4110508) - Ano: 2022.
2026-08-12 20:32:03,626 [INFO] Download: Ipiranga (4110508) - Ano: 2023.
2026-08-12 20:32:03,628 [INFO] Download: Iporã (4110607) - Ano: 2021.
2026-08-12 20:32:03,630 [INFO] Download: Iporã (4110607) - Ano: 2022.
2026-08-12 20:32:03,635 [INFO] Download: Iporã (4110607) - Ano: 2023.
2026-08-12 20:32:03,637 [INFO] Download: Iracema do Oeste (4110656) - Ano: 2021.
2026-08-12 20:32:03,639 [INFO] Download: Iracema do Oeste (4110656) - Ano: 2022.
2026-08-12 20:32:03,642 [INFO] Download: Iracema do Oeste (4110656) - Ano: 2023.
2026-08-12 20:32:03,644 [INFO] Download: Irati (4110706) - Ano: 2021.
2026-08-12 20:32:03,647 [INFO] Download: Irati (4110706) - Ano: 2022.
2026-08-12 20:32:03,650 [INFO] Download: Irati (4110706) - Ano: 2023.
2026-08-12 20:32:03,654 [INFO] Download: Iretama (4110805) - Ano: 2021.
2026-08-12 20:32:03,656 [INFO] Download: Iretama (4110805) - Ano: 2022.
2026-08-12 20:32:03,658 [INFO] Download: Iretama (4110805) - Ano: 2023.
2026-08-12 20:32:03,661 [INFO] Download: Itaguajé (4110904) - Ano: 2021.
2026-08-12 20:32:03,664 [INFO] Download: Itaguajé (4110904) - Ano: 2022.
2026-08-12 20:32:03,667 [INFO] Download: Itaguajé (4110904) - Ano: 2023.
2026-08-12 20:32:03,671 [INFO] Download: Itaipulândia (4110953) - Ano: 2021.
2026-08-12 20:32:03,673 [INFO] Download: Itaipulândia (4110953) - Ano: 2022.
2026-08-12 20:32:03,675 [INFO] Download: Itaipulândia (4110953) - Ano: 2023.
2026-08-12 20:32:03,678 [INFO] Download: Itambaracá (4111001) - Ano: 2021.
2026-08-12 20:32:03,681 [INFO] Download: Itambaracá (4111001) - Ano: 2022.
2026-08-12 20:32:03,685 [INFO] Download: Itambaracá (4111001) - Ano: 2023.
2026-08-12 20:32:03,688 [INFO] Download: Itambé (4111100) - Ano: 2021.
2026-08-12 20:32:03,689 [INFO] Download: Itambé (4111100) - Ano: 2022.
2026-08-12 20:32:03,692 [INFO] Download: Itambé (4111100) - Ano: 2023.
2026-08-12 20:32:03,694 [INFO] Download: Itapejara d'Oeste (4111209) - Ano: 2021.
2026-08-12 20:32:03,697 [INFO] Download: Itapejara d'Oeste (4111209) - Ano: 2022.
2026-08-12 20:32:03,701 [INFO] Download: Itapejara d'Oeste (4111209) - Ano: 2023.
2026-08-12 20:32:03,703 [INFO] Download: Itaperuçu (4111258) - Ano: 2021.
2026-08-12 20:32:03,705 [INFO] Download: Itaperuçu (4111258) - Ano: 2022.
2026-08-12 20:32:03,708 [INFO] Download: Itaperuçu (4111258) - Ano: 2023.
2026-08-12 20:32:03,710 [INFO] Download: Itaúna do Sul (4111308) - Ano: 2021.
2026-08-12 20:32:03,713 [INFO] Download: Itaúna do Sul (4111308) - Ano: 2022.
2026-08-12 20:32:03,716 [INFO] Download: Itaúna do Sul (4111308) - Ano: 2023.
2026-08-12 20:32:03,719 [INFO] Download: Ivaí (4111407) - Ano: 2021.
2026-08-12 20:32:03,721 [INFO] Download: Ivaí (4111407) - Ano: 2022.
2026-08-12 20:32:03,725 [INFO] Download: Ivaí (4111407) - Ano: 2023.
2026-08-12 20:32:03,727 [INFO] Download: Ivaiporã (4111506) - Ano: 2021.
2026-08-12 20:32:03,729 [INFO] Download: Ivaiporã (4111506) - Ano: 2022.
2026-08-12 20:32:03,733 [INFO] Download: Ivaiporã (4111506) - Ano: 2023.
2026-08-12 20:32:03,737 [INFO] Download: Ivaté (4111555) - Ano: 2021.
2026-08-12 20:32:03,739 [INFO] Download: Ivaté (4111555) - Ano: 2022.
2026-08-12 20:32:03,742 [INFO] Download: Ivaté (4111555) - Ano: 2023.
2026-08-12 20:32:03,744 [INFO] Download: Ivatuba (4111605) - Ano: 2021.
2026-08-12 20:32:03,747 [INFO] Download: Ivatuba (4111605) - Ano: 2022.
2026-08-12 20:32:03,752 [INFO] Download: Ivatuba (4111605) - Ano: 2023.
2026-08-12 20:32:03,755 [INFO] Download: Jaboti (4111704) - Ano: 2021.
2026-08-12 20:32:03,757 [INFO] Download: Jaboti (4111704) - Ano: 2022.
2026-08-12 20:32:03,760 [INFO] Download: Jaboti (4111704) - Ano: 2023.
2026-08-12 20:32:03,762 [INFO] Download: Jacarezinho (4111803) - Ano: 2021.
2026-08-12 20:32:03,765 [INFO] Download: Jacarezinho (4111803) - Ano: 2022.
2026-08-12 20:32:03,771 [INFO] Download: Jacarezinho (4111803) - Ano: 2023.
2026-08-12 20:32:03,773 [INFO] Download: Jaguapitã (4111902) - Ano: 2021.
2026-08-12 20:32:03,776 [INFO] Download: Jaguapitã (4111902) - Ano: 2022.
2026-08-12 20:32:03,778 [INFO] Download: Jaguapitã (4111902) - Ano: 2023.
2026-08-12 20:32:03,781 [INFO] Download: Jaguariaíva (4112009) - Ano: 2021.
2026-08-12 20:32:03,786 [INFO] Download: Jaguariaíva (4112009) - Ano: 2022.
2026-08-12 20:32:03,789 [INFO] Download: Jaguariaíva (4112009) - Ano: 2023.
2026-08-12 20:32:03,792 [INFO] Download: Jandaia do Sul (4112108) - Ano: 2021.
2026-08-12 20:32:03,794 [INFO] Download: Jandaia do Sul (4112108) - Ano: 2022.
2026-08-12 20:32:03,801 [INFO] Download: Jandaia do Sul (4112108) - Ano: 2023.
2026-08-12 20:32:03,804 [INFO] Download: Janiópolis (4112207) - Ano: 2021.
2026-08-12 20:32:03,807 [INFO] Download: Janiópolis (4112207) - Ano: 2022.
2026-08-12 20:32:03,810 [INFO] Download: Janiópolis (4112207) - Ano: 2023.
2026-08-12 20:32:03,813 [INFO] Download: Japira (4112306) - Ano: 2021.
2026-08-12 20:32:03,816 [INFO] Download: Japira (4112306) - Ano: 2022.
2026-08-12 20:32:03,820 [INFO] Download: Japira (4112306) - Ano: 2023.
2026-08-12 20:32:03,822 [INFO] Download: Japurá (4112405) - Ano: 2021.
2026-08-12 20:32:03,824 [INFO] Download: Japurá (4112405) - Ano: 2022.
2026-08-12 20:32:03,828 [INFO] Download: Japurá (4112405) - Ano: 2023.
2026-08-12 20:32:03,830 [INFO] Download: Jardim Alegre (4112504) - Ano: 2021.
2026-08-12 20:32:03,917 [INFO] Download: Jardim Alegre (4112504) - Ano: 2022.
2026-08-12 20:32:03,977 [INFO] Download: Jardim Alegre (4112504) - Ano: 2023.
2026-08-12 20:32:03,980 [INFO] Download: Jardim Olinda (4112603) - Ano: 2021.
2026-08-12 20:32:03,982 [INFO] Download: Jardim Olinda (4112603) - Ano: 2022.
2026-08-12 20:32:03,985 [INFO] Download: Jardim Olinda (4112603) - Ano: 2023.
2026-08-12 20:32:03,988 [INFO] Download: Jataizinho (4112702) - Ano: 2021.
2026-08-12 20:32:04,021 [INFO] Download: Jataizinho (4112702) - Ano: 2022.
2026-08-12 20:32:04,024 [INFO] Download: Jataizinho (4112702) - Ano: 2023.
2026-08-12 20:32:04,027 [INFO] Download: Jesuítas (4112751) - Ano: 2021.
2026-08-12 20:32:04,030 [INFO] Download: Jesuítas (4112751) - Ano: 2022.
2026-08-12 20:32:04,035 [INFO] Download: Jesuítas (4112751) - Ano: 2023.
2026-08-12 20:32:04,042 [INFO] Download: Joaquim Távora (4112801) - Ano: 2021.
2026-08-12 20:32:04,046 [INFO] Download: Joaquim Távora (4112801) - Ano: 2022.
2026-08-12 20:32:04,051 [INFO] Download: Joaquim Távora (4112801) - Ano: 2023.
2026-08-12 20:32:04,055 [INFO] Download: Jundiaí do Sul (4112900) - Ano: 2021.
2026-08-12 20:32:04,057 [INFO] Download: Jundiaí do Sul (4112900) - Ano: 2022.
2026-08-12 20:32:04,060 [INFO] Download: Jundiaí do Sul (4112900) - Ano: 2023.
2026-08-12 20:32:04,062 [INFO] Download: Juranda (4112959) - Ano: 2021.
2026-08-12 20:32:04,065 [INFO] Download: Juranda (4112959) - Ano: 2022.
2026-08-12 20:32:04,068 [INFO] Download: Juranda (4112959) - Ano: 2023.
2026-08-12 20:32:04,070 [INFO] Download: Jussara (4113007) - Ano: 2021.
2026-08-12 20:32:04,073 [INFO] Download: Jussara (4113007) - Ano: 2022.
2026-08-12 20:32:04,075 [INFO] Download: Jussara (4113007) - Ano: 2023.
2026-08-12 20:32:04,077 [INFO] Download: Kaloré (4113106) - Ano: 2021.
2026-08-12 20:32:04,080 [INFO] Download: Kaloré (4113106) - Ano: 2022.
2026-08-12 20:32:04,083 [INFO] Download: Kaloré (4113106) - Ano: 2023.
2026-08-12 20:32:04,086 [INFO] Download: Lapa (4113205) - Ano: 2021.
2026-08-12 20:32:04,089 [INFO] Download: Lapa (4113205) - Ano: 2022.
2026-08-12 20:32:04,091 [INFO] Download: Lapa (4113205) - Ano: 2023.
2026-08-12 20:32:04,094 [INFO] Download: Laranjal (4113254) - Ano: 2021.
2026-08-12 20:32:04,097 [INFO] Download: Laranjal (4113254) - Ano: 2022.
2026-08-12 20:32:04,101 [INFO] Download: Laranjal (4113254) - Ano: 2023.
2026-08-12 20:32:04,103 [INFO] Download: Laranjeiras do Sul (4113304) - Ano: 2021.
2026-08-12 20:32:04,105 [INFO] Download: Laranjeiras do Sul (4113304) - Ano: 2022.
2026-08-12 20:32:04,108 [INFO] Download: Laranjeiras do Sul (4113304) - Ano: 2023.
2026-08-12 20:32:04,111 [INFO] Download: Leópolis (4113403) - Ano: 2021.
2026-08-12 20:32:04,113 [INFO] Download: Leópolis (4113403) - Ano: 2022.
2026-08-12 20:32:04,118 [INFO] Download: Leópolis (4113403) - Ano: 2023.
2026-08-12 20:32:04,120 [INFO] Download: Lidianópolis (4113429) - Ano: 2021.
2026-08-12 20:32:04,122 [INFO] Download: Lidianópolis (4113429) - Ano: 2022.
2026-08-12 20:32:04,125 [INFO] Download: Lidianópolis (4113429) - Ano: 2023.
2026-08-12 20:32:04,127 [INFO] Download: Lindoeste (4113452) - Ano: 2021.
2026-08-12 20:32:04,129 [INFO] Download: Lindoeste (4113452) - Ano: 2022.
2026-08-12 20:32:04,132 [INFO] Download: Lindoeste (4113452) - Ano: 2023.
2026-08-12 20:32:04,135 [INFO] Download: Loanda (4113502) - Ano: 2021.
2026-08-12 20:32:04,137 [INFO] Download: Loanda (4113502) - Ano: 2022.
2026-08-12 20:32:04,139 [INFO] Download: Loanda (4113502) - Ano: 2023.
2026-08-12 20:32:04,142 [INFO] Download: Lobato (4113601) - Ano: 2021.
2026-08-12 20:32:04,144 [INFO] Download: Lobato (4113601) - Ano: 2022.
2026-08-12 20:32:04,146 [INFO] Download: Lobato (4113601) - Ano: 2023.
2026-08-12 20:32:04,149 [INFO] Download: Londrina (4113700) - Ano: 2021.
2026-08-12 20:32:04,152 [INFO] Download: Londrina (4113700) - Ano: 2022.
2026-08-12 20:32:04,154 [INFO] Download: Londrina (4113700) - Ano: 2023.
2026-08-12 20:32:04,156 [INFO] Download: Luiziana (4113734) - Ano: 2021.
2026-08-12 20:32:04,158 [INFO] Download: Luiziana (4113734) - Ano: 2022.
2026-08-12 20:32:04,161 [INFO] Download: Luiziana (4113734) - Ano: 2023.
2026-08-12 20:32:04,163 [INFO] Download: Lunardelli (4113759) - Ano: 2021.
2026-08-12 20:32:04,166 [INFO] Download: Lunardelli (4113759) - Ano: 2022.
2026-08-12 20:32:04,169 [INFO] Download: Lunardelli (4113759) - Ano: 2023.
2026-08-12 20:32:04,171 [INFO] Download: Lupionópolis (4113809) - Ano: 2021.
2026-08-12 20:32:04,173 [INFO] Download: Lupionópolis (4113809) - Ano: 2022.
2026-08-12 20:32:04,176 [INFO] Download: Lupionópolis (4113809) - Ano: 2023.
2026-08-12 20:32:04,178 [INFO] Download: Mallet (4113908) - Ano: 2021.
2026-08-12 20:32:04,180 [INFO] Download: Mallet (4113908) - Ano: 2022.
2026-08-12 20:32:04,184 [INFO] Download: Mallet (4113908) - Ano: 2023.
2026-08-12 20:32:04,186 [INFO] Download: Mamborê (4114005) - Ano: 2021.
2026-08-12 20:32:04,188 [INFO] Download: Mamborê (4114005) - Ano: 2022.
2026-08-12 20:32:04,190 [INFO] Download: Mamborê (4114005) - Ano: 2023.
2026-08-12 20:32:04,193 [INFO] Download: Mandaguaçu (4114104) - Ano: 2021.
2026-08-12 20:32:04,195 [INFO] Download: Mandaguaçu (4114104) - Ano: 2022.
2026-08-12 20:32:04,197 [INFO] Download: Mandaguaçu (4114104) - Ano: 2023.
2026-08-12 20:32:04,201 [INFO] Download: Mandaguari (4114203) - Ano: 2021.
2026-08-12 20:32:04,203 [INFO] Download: Mandaguari (4114203) - Ano: 2022.
2026-08-12 20:32:04,205 [INFO] Download: Mandaguari (4114203) - Ano: 2023.
2026-08-12 20:32:04,207 [INFO] Download: Mandirituba (4114302) - Ano: 2021.
2026-08-12 20:32:04,209 [INFO] Download: Mandirituba (4114302) - Ano: 2022.
2026-08-12 20:32:04,212 [INFO] Download: Mandirituba (4114302) - Ano: 2023.
2026-08-12 20:32:04,215 [INFO] Download: Manfrinópolis (4114351) - Ano: 2021.
2026-08-12 20:32:04,218 [INFO] Download: Manfrinópolis (4114351) - Ano: 2022.
2026-08-12 20:32:04,221 [INFO] Download: Manfrinópolis (4114351) - Ano: 2023.
2026-08-12 20:32:04,223 [INFO] Download: Mangueirinha (4114401) - Ano: 2021.
2026-08-12 20:32:04,225 [INFO] Download: Mangueirinha (4114401) - Ano: 2022.
2026-08-12 20:32:04,227 [INFO] Download: Mangueirinha (4114401) - Ano: 2023.
2026-08-12 20:32:04,229 [INFO] Download: Manoel Ribas (4114500) - Ano: 2021.
2026-08-12 20:32:04,232 [INFO] Download: Manoel Ribas (4114500) - Ano: 2022.
2026-08-12 20:32:04,235 [INFO] Download: Manoel Ribas (4114500) - Ano: 2023.
2026-08-12 20:32:04,238 [INFO] Download: Marechal Cândido Rondon (4114609) - Ano: 2021.
2026-08-12 20:32:04,240 [INFO] Download: Marechal Cândido Rondon (4114609) - Ano: 2022.
2026-08-12 20:32:04,242 [INFO] Download: Marechal Cândido Rondon (4114609) - Ano: 2023.
2026-08-12 20:32:04,244 [INFO] Download: Maria Helena (4114708) - Ano: 2021.
2026-08-12 20:32:04,247 [INFO] Download: Maria Helena (4114708) - Ano: 2022.
2026-08-12 20:32:04,250 [INFO] Download: Maria Helena (4114708) - Ano: 2023.
2026-08-12 20:32:04,252 [INFO] Download: Marialva (4114807) - Ano: 2021.
2026-08-12 20:32:04,254 [INFO] Download: Marialva (4114807) - Ano: 2022.
2026-08-12 20:32:04,257 [INFO] Download: Marialva (4114807) - Ano: 2023.
2026-08-12 20:32:04,259 [INFO] Download: Marilândia do Sul (4114906) - Ano: 2021.
2026-08-12 20:32:04,261 [INFO] Download: Marilândia do Sul (4114906) - Ano: 2022.
2026-08-12 20:32:04,263 [INFO] Download: Marilândia do Sul (4114906) - Ano: 2023.
2026-08-12 20:32:04,269 [INFO] Download: Marilena (4115002) - Ano: 2021.
2026-08-12 20:32:04,271 [INFO] Download: Marilena (4115002) - Ano: 2022.
2026-08-12 20:32:04,273 [INFO] Download: Marilena (4115002) - Ano: 2023.
2026-08-12 20:32:04,275 [INFO] Download: Mariluz (4115101) - Ano: 2021.
2026-08-12 20:32:04,277 [INFO] Download: Mariluz (4115101) - Ano: 2022.
2026-08-12 20:32:04,279 [INFO] Download: Mariluz (4115101) - Ano: 2023.
2026-08-12 20:32:04,284 [INFO] Download: Maringá (4115200) - Ano: 2021.
2026-08-12 20:32:04,286 [INFO] Download: Maringá (4115200) - Ano: 2022.
2026-08-12 20:32:04,288 [INFO] Download: Maringá (4115200) - Ano: 2023.
2026-08-12 20:32:04,290 [INFO] Download: Mariópolis (4115309) - Ano: 2021.
2026-08-12 20:32:04,293 [INFO] Download: Mariópolis (4115309) - Ano: 2022.
2026-08-12 20:32:04,295 [INFO] Download: Mariópolis (4115309) - Ano: 2023.
2026-08-12 20:32:04,297 [INFO] Download: Maripá (4115358) - Ano: 2021.
2026-08-12 20:32:04,301 [INFO] Download: Maripá (4115358) - Ano: 2022.
2026-08-12 20:32:04,303 [INFO] Download: Maripá (4115358) - Ano: 2023.
2026-08-12 20:32:04,305 [INFO] Download: Marmeleiro (4115408) - Ano: 2021.
2026-08-12 20:32:04,307 [INFO] Download: Marmeleiro (4115408) - Ano: 2022.
2026-08-12 20:32:04,310 [INFO] Download: Marmeleiro (4115408) - Ano: 2023.
2026-08-12 20:32:04,312 [INFO] Download: Marquinho (4115457) - Ano: 2021.
2026-08-12 20:32:04,314 [INFO] Download: Marquinho (4115457) - Ano: 2022.
2026-08-12 20:32:04,318 [INFO] Download: Marquinho (4115457) - Ano: 2023.
2026-08-12 20:32:04,320 [INFO] Download: Marumbi (4115507) - Ano: 2021.
2026-08-12 20:32:04,322 [INFO] Download: Marumbi (4115507) - Ano: 2022.
2026-08-12 20:32:04,324 [INFO] Download: Marumbi (4115507) - Ano: 2023.
2026-08-12 20:32:04,327 [INFO] Download: Matelândia (4115606) - Ano: 2021.
2026-08-12 20:32:04,329 [INFO] Download: Matelândia (4115606) - Ano: 2022.
2026-08-12 20:32:04,331 [INFO] Download: Matelândia (4115606) - Ano: 2023.
2026-08-12 20:32:04,335 [INFO] Download: Matinhos (4115705) - Ano: 2021.
2026-08-12 20:32:04,337 [INFO] Download: Matinhos (4115705) - Ano: 2022.
2026-08-12 20:32:04,339 [INFO] Download: Matinhos (4115705) - Ano: 2023.
2026-08-12 20:32:04,341 [INFO] Download: Mato Rico (4115739) - Ano: 2021.
2026-08-12 20:32:04,344 [INFO] Download: Mato Rico (4115739) - Ano: 2022.
2026-08-12 20:32:04,346 [INFO] Download: Mato Rico (4115739) - Ano: 2023.
2026-08-12 20:32:04,348 [INFO] Download: Mauá da Serra (4115754) - Ano: 2021.
2026-08-12 20:32:04,352 [INFO] Download: Mauá da Serra (4115754) - Ano: 2022.
2026-08-12 20:32:04,354 [INFO] Download: Mauá da Serra (4115754) - Ano: 2023.
2026-08-12 20:32:04,356 [INFO] Download: Medianeira (4115804) - Ano: 2021.
2026-08-12 20:32:04,358 [INFO] Download: Medianeira (4115804) - Ano: 2022.
2026-08-12 20:32:04,361 [INFO] Download: Medianeira (4115804) - Ano: 2023.
2026-08-12 20:32:04,363 [INFO] Download: Mercedes (4115853) - Ano: 2021.
2026-08-12 20:32:04,366 [INFO] Download: Mercedes (4115853) - Ano: 2022.
2026-08-12 20:32:04,369 [INFO] Download: Mercedes (4115853) - Ano: 2023.
2026-08-12 20:32:04,371 [INFO] Download: Mirador (4115903) - Ano: 2021.
2026-08-12 20:32:04,373 [INFO] Download: Mirador (4115903) - Ano: 2022.
2026-08-12 20:32:04,375 [INFO] Download: Mirador (4115903) - Ano: 2023.
2026-08-12 20:32:04,378 [INFO] Download: Miraselva (4116000) - Ano: 2021.
2026-08-12 20:32:04,380 [INFO] Download: Miraselva (4116000) - Ano: 2022.
2026-08-12 20:32:04,383 [INFO] Download: Miraselva (4116000) - Ano: 2023.
2026-08-12 20:32:04,386 [INFO] Download: Missal (4116059) - Ano: 2021.
2026-08-12 20:32:04,388 [INFO] Download: Missal (4116059) - Ano: 2022.
2026-08-12 20:32:04,390 [INFO] Download: Missal (4116059) - Ano: 2023.
2026-08-12 20:32:04,392 [INFO] Download: Moreira Sales (4116109) - Ano: 2021.
2026-08-12 20:32:04,395 [INFO] Download: Moreira Sales (4116109) - Ano: 2022.
2026-08-12 20:32:04,397 [INFO] Download: Moreira Sales (4116109) - Ano: 2023.
2026-08-12 20:32:04,400 [INFO] Download: Morretes (4116208) - Ano: 2021.
2026-08-12 20:32:04,403 [INFO] Download: Morretes (4116208) - Ano: 2022.
2026-08-12 20:32:04,405 [INFO] Download: Morretes (4116208) - Ano: 2023.
2026-08-12 20:32:04,407 [INFO] Download: Munhoz de Melo (4116307) - Ano: 2021.
2026-08-12 20:32:04,409 [INFO] Download: Munhoz de Melo (4116307) - Ano: 2022.
2026-08-12 20:32:04,412 [INFO] Download: Munhoz de Melo (4116307) - Ano: 2023.
2026-08-12 20:32:04,414 [INFO] Download: Nossa Senhora das Graças (4116406) - Ano: 2021.
2026-08-12 20:32:04,417 [INFO] Download: Nossa Senhora das Graças (4116406) - Ano: 2022.
2026-08-12 20:32:04,420 [INFO] Download: Nossa Senhora das Graças (4116406) - Ano: 2023.
2026-08-12 20:32:04,422 [INFO] Download: Nova Aliança do Ivaí (4116505) - Ano: 2021.
2026-08-12 20:32:04,424 [INFO] Download: Nova Aliança do Ivaí (4116505) - Ano: 2022.
2026-08-12 20:32:04,426 [INFO] Download: Nova Aliança do Ivaí (4116505) - Ano: 2023.
2026-08-12 20:32:04,429 [INFO] Download: Nova América da Colina (4116604) - Ano: 2021.
2026-08-12 20:32:04,431 [INFO] Download: Nova América da Colina (4116604) - Ano: 2022.
2026-08-12 20:32:04,434 [INFO] Download: Nova América da Colina (4116604) - Ano: 2023.
2026-08-12 20:32:04,437 [INFO] Download: Nova Aurora (4116703) - Ano: 2021.
2026-08-12 20:32:04,439 [INFO] Download: Nova Aurora (4116703) - Ano: 2022.
2026-08-12 20:32:04,441 [INFO] Download: Nova Aurora (4116703) - Ano: 2023.
2026-08-12 20:32:04,443 [INFO] Download: Nova Cantu (4116802) - Ano: 2021.
2026-08-12 20:32:04,446 [INFO] Download: Nova Cantu (4116802) - Ano: 2022.
2026-08-12 20:32:04,448 [INFO] Download: Nova Cantu (4116802) - Ano: 2023.
2026-08-12 20:32:04,451 [INFO] Download: Nova Esperança (4116901) - Ano: 2021.
2026-08-12 20:32:04,454 [INFO] Download: Nova Esperança (4116901) - Ano: 2022.
2026-08-12 20:32:04,456 [INFO] Download: Nova Esperança (4116901) - Ano: 2023.
2026-08-12 20:32:04,458 [INFO] Download: Nova Esperança do Sudoeste (4116950) - Ano: 2021.
2026-08-12 20:32:04,460 [INFO] Download: Nova Esperança do Sudoeste (4116950) - Ano: 2022.
2026-08-12 20:32:04,463 [INFO] Download: Nova Esperança do Sudoeste (4116950) - Ano: 2023.
2026-08-12 20:32:04,565 [INFO] Download: Nova Fátima (4117008) - Ano: 2021.
2026-08-12 20:32:04,576 [INFO] Download: Nova Fátima (4117008) - Ano: 2022.
2026-08-12 20:32:04,595 [INFO] Download: Nova Fátima (4117008) - Ano: 2023.
2026-08-12 20:32:04,616 [INFO] Download: Nova Laranjeiras (4117057) - Ano: 2021.
2026-08-12 20:32:04,668 [INFO] Download: Nova Laranjeiras (4117057) - Ano: 2022.
2026-08-12 20:32:04,685 [INFO] Download: Nova Laranjeiras (4117057) - Ano: 2023.
2026-08-12 20:32:04,689 [INFO] Download: Nova Londrina (4117107) - Ano: 2021.
2026-08-12 20:32:04,851 [INFO] Download: Nova Londrina (4117107) - Ano: 2022.
2026-08-12 20:32:04,861 [INFO] Download: Nova Londrina (4117107) - Ano: 2023.
2026-08-12 20:32:04,864 [INFO] Download: Nova Olímpia (4117206) - Ano: 2021.
2026-08-12 20:32:04,867 [INFO] Download: Nova Olímpia (4117206) - Ano: 2022.
2026-08-12 20:32:04,869 [INFO] Download: Nova Olímpia (4117206) - Ano: 2023.
2026-08-12 20:32:04,888 [INFO] Download: Nova Santa Bárbara (4117214) - Ano: 2021.
2026-08-12 20:32:04,893 [INFO] Download: Nova Santa Bárbara (4117214) - Ano: 2022.
2026-08-12 20:32:04,898 [INFO] Download: Nova Santa Bárbara (4117214) - Ano: 2023.
2026-08-12 20:32:04,902 [INFO] Download: Nova Santa Rosa (4117222) - Ano: 2021.
2026-08-12 20:32:04,904 [INFO] Download: Nova Santa Rosa (4117222) - Ano: 2022.
2026-08-12 20:32:04,907 [INFO] Download: Nova Santa Rosa (4117222) - Ano: 2023.
2026-08-12 20:32:04,910 [INFO] Download: Nova Prata do Iguaçu (4117255) - Ano: 2021.
2026-08-12 20:32:04,912 [INFO] Download: Nova Prata do Iguaçu (4117255) - Ano: 2022.
2026-08-12 20:32:04,914 [INFO] Download: Nova Prata do Iguaçu (4117255) - Ano: 2023.
2026-08-12 20:32:04,918 [INFO] Download: Nova Tebas (4117271) - Ano: 2021.
2026-08-12 20:32:04,920 [INFO] Download: Nova Tebas (4117271) - Ano: 2022.
2026-08-12 20:32:04,922 [INFO] Download: Nova Tebas (4117271) - Ano: 2023.
2026-08-12 20:32:04,925 [INFO] Download: Novo Itacolomi (4117297) - Ano: 2021.
2026-08-12 20:32:04,927 [INFO] Download: Novo Itacolomi (4117297) - Ano: 2022.
2026-08-12 20:32:04,929 [INFO] Download: Novo Itacolomi (4117297) - Ano: 2023.
2026-08-12 20:32:04,932 [INFO] Download: Ortigueira (4117305) - Ano: 2021.
2026-08-12 20:32:04,937 [INFO] Download: Ortigueira (4117305) - Ano: 2022.
2026-08-12 20:32:04,940 [INFO] Download: Ortigueira (4117305) - Ano: 2023.
2026-08-12 20:32:04,943 [INFO] Download: Ourizona (4117404) - Ano: 2021.
2026-08-12 20:32:04,946 [INFO] Download: Ourizona (4117404) - Ano: 2022.
2026-08-12 20:32:04,951 [INFO] Download: Ourizona (4117404) - Ano: 2023.
2026-08-12 20:32:04,954 [INFO] Download: Ouro Verde do Oeste (4117453) - Ano: 2021.
2026-08-12 20:32:04,956 [INFO] Download: Ouro Verde do Oeste (4117453) - Ano: 2022.
2026-08-12 20:32:04,958 [INFO] Download: Ouro Verde do Oeste (4117453) - Ano: 2023.
2026-08-12 20:32:04,963 [INFO] Download: Paiçandu (4117503) - Ano: 2021.
2026-08-12 20:32:04,972 [INFO] Download: Paiçandu (4117503) - Ano: 2022.
2026-08-12 20:32:04,976 [INFO] Download: Paiçandu (4117503) - Ano: 2023.
2026-08-12 20:32:04,979 [INFO] Download: Palmas (4117602) - Ano: 2021.
2026-08-12 20:32:04,983 [INFO] Download: Palmas (4117602) - Ano: 2022.
2026-08-12 20:32:04,986 [INFO] Download: Palmas (4117602) - Ano: 2023.
2026-08-12 20:32:04,988 [INFO] Download: Palmeira (4117701) - Ano: 2021.
2026-08-12 20:32:04,990 [INFO] Download: Palmeira (4117701) - Ano: 2022.
2026-08-12 20:32:04,993 [INFO] Download: Palmeira (4117701) - Ano: 2023.
2026-08-12 20:32:04,995 [INFO] Download: Palmital (4117800) - Ano: 2021.
2026-08-12 20:32:04,997 [INFO] Download: Palmital (4117800) - Ano: 2022.
2026-08-12 20:32:05,001 [INFO] Download: Palmital (4117800) - Ano: 2023.
2026-08-12 20:32:05,004 [INFO] Download: Palotina (4117909) - Ano: 2021.
2026-08-12 20:32:05,006 [INFO] Download: Palotina (4117909) - Ano: 2022.
2026-08-12 20:32:05,008 [INFO] Download: Palotina (4117909) - Ano: 2023.
2026-08-12 20:32:05,010 [INFO] Download: Paraíso do Norte (4118006) - Ano: 2021.
2026-08-12 20:32:05,012 [INFO] Download: Paraíso do Norte (4118006) - Ano: 2022.
2026-08-12 20:32:05,015 [INFO] Download: Paraíso do Norte (4118006) - Ano: 2023.
2026-08-12 20:32:05,018 [INFO] Download: Paranacity (4118105) - Ano: 2021.
2026-08-12 20:32:05,021 [INFO] Download: Paranacity (4118105) - Ano: 2022.
2026-08-12 20:32:05,023 [INFO] Download: Paranacity (4118105) - Ano: 2023.
2026-08-12 20:32:05,024 [INFO] Download: Paranaguá (4118204) - Ano: 2021.
2026-08-12 20:32:05,027 [INFO] Download: Paranaguá (4118204) - Ano: 2022.
2026-08-12 20:32:05,030 [INFO] Download: Paranaguá (4118204) - Ano: 2023.
2026-08-12 20:32:05,033 [INFO] Download: Paranapoema (4118303) - Ano: 2021.
2026-08-12 20:32:05,035 [INFO] Download: Paranapoema (4118303) - Ano: 2022.
2026-08-12 20:32:05,038 [INFO] Download: Paranapoema (4118303) - Ano: 2023.
2026-08-12 20:32:05,040 [INFO] Download: Paranavaí (4118402) - Ano: 2021.
2026-08-12 20:32:05,042 [INFO] Download: Paranavaí (4118402) - Ano: 2022.
2026-08-12 20:32:05,044 [INFO] Download: Paranavaí (4118402) - Ano: 2023.
2026-08-12 20:32:05,047 [INFO] Download: Pato Bragado (4118451) - Ano: 2021.
2026-08-12 20:32:05,050 [INFO] Download: Pato Bragado (4118451) - Ano: 2022.
2026-08-12 20:32:05,052 [INFO] Download: Pato Bragado (4118451) - Ano: 2023.
2026-08-12 20:32:05,055 [INFO] Download: Pato Branco (4118501) - Ano: 2021.
2026-08-12 20:32:05,057 [INFO] Download: Pato Branco (4118501) - Ano: 2022.
2026-08-12 20:32:05,059 [INFO] Download: Pato Branco (4118501) - Ano: 2023.
2026-08-12 20:32:05,061 [INFO] Download: Paula Freitas (4118600) - Ano: 2021.
2026-08-12 20:32:05,064 [INFO] Download: Paula Freitas (4118600) - Ano: 2022.
2026-08-12 20:32:05,067 [INFO] Download: Paula Freitas (4118600) - Ano: 2023.
2026-08-12 20:32:05,069 [INFO] Download: Paulo Frontin (4118709) - Ano: 2021.
2026-08-12 20:32:05,072 [INFO] Download: Paulo Frontin (4118709) - Ano: 2022.
2026-08-12 20:32:05,074 [INFO] Download: Paulo Frontin (4118709) - Ano: 2023.
2026-08-12 20:32:05,077 [INFO] Download: Peabiru (4118808) - Ano: 2021.
2026-08-12 20:32:05,080 [INFO] Download: Peabiru (4118808) - Ano: 2022.
2026-08-12 20:32:05,083 [INFO] Download: Peabiru (4118808) - Ano: 2023.
2026-08-12 20:32:05,086 [INFO] Download: Perobal (4118857) - Ano: 2021.
2026-08-12 20:32:05,089 [INFO] Download: Perobal (4118857) - Ano: 2022.
2026-08-12 20:32:05,091 [INFO] Download: Perobal (4118857) - Ano: 2023.
2026-08-12 20:32:05,093 [INFO] Download: Pérola (4118907) - Ano: 2021.
2026-08-12 20:32:05,097 [INFO] Download: Pérola (4118907) - Ano: 2022.
2026-08-12 20:32:05,100 [INFO] Download: Pérola (4118907) - Ano: 2023.
2026-08-12 20:32:05,103 [INFO] Download: Pérola d'Oeste (4119004) - Ano: 2021.
2026-08-12 20:32:05,106 [INFO] Download: Pérola d'Oeste (4119004) - Ano: 2022.
2026-08-12 20:32:05,108 [INFO] Download: Pérola d'Oeste (4119004) - Ano: 2023.
2026-08-12 20:32:05,110 [INFO] Download: Piên (4119103) - Ano: 2021.
2026-08-12 20:32:05,113 [INFO] Download: Piên (4119103) - Ano: 2022.
2026-08-12 20:32:05,116 [INFO] Download: Piên (4119103) - Ano: 2023.
2026-08-12 20:32:05,119 [INFO] Download: Pinhais (4119152) - Ano: 2021.
2026-08-12 20:32:05,122 [INFO] Download: Pinhais (4119152) - Ano: 2022.
2026-08-12 20:32:05,124 [INFO] Download: Pinhais (4119152) - Ano: 2023.
2026-08-12 20:32:05,125 [INFO] Download: Pinhalão (4119202) - Ano: 2021.
2026-08-12 20:32:05,128 [INFO] Download: Pinhalão (4119202) - Ano: 2022.
2026-08-12 20:32:05,130 [INFO] Download: Pinhalão (4119202) - Ano: 2023.
2026-08-12 20:32:05,134 [INFO] Download: Pinhal de São Bento (4119251) - Ano: 2021.
2026-08-12 20:32:05,136 [INFO] Download: Pinhal de São Bento (4119251) - Ano: 2022.
2026-08-12 20:32:05,138 [INFO] Download: Pinhal de São Bento (4119251) - Ano: 2023.
2026-08-12 20:32:05,141 [INFO] Download: Pinhão (4119301) - Ano: 2021.
2026-08-12 20:32:05,143 [INFO] Download: Pinhão (4119301) - Ano: 2022.
2026-08-12 20:32:05,151 [INFO] Download: Pinhão (4119301) - Ano: 2023.
2026-08-12 20:32:05,157 [INFO] Download: Piraí do Sul (4119400) - Ano: 2021.
2026-08-12 20:32:05,161 [INFO] Download: Piraí do Sul (4119400) - Ano: 2022.
2026-08-12 20:32:05,167 [INFO] Download: Piraí do Sul (4119400) - Ano: 2023.
2026-08-12 20:32:05,171 [INFO] Download: Piraquara (4119509) - Ano: 2021.
2026-08-12 20:32:05,173 [INFO] Download: Piraquara (4119509) - Ano: 2022.
2026-08-12 20:32:05,176 [INFO] Download: Piraquara (4119509) - Ano: 2023.
2026-08-12 20:32:05,179 [INFO] Download: Pitanga (4119608) - Ano: 2021.
2026-08-12 20:32:05,183 [INFO] Download: Pitanga (4119608) - Ano: 2022.
2026-08-12 20:32:05,186 [INFO] Download: Pitanga (4119608) - Ano: 2023.
2026-08-12 20:32:05,188 [INFO] Download: Pitangueiras (4119657) - Ano: 2021.
2026-08-12 20:32:05,191 [INFO] Download: Pitangueiras (4119657) - Ano: 2022.
2026-08-12 20:32:05,193 [INFO] Download: Pitangueiras (4119657) - Ano: 2023.
2026-08-12 20:32:05,196 [INFO] Download: Planaltina do Paraná (4119707) - Ano: 2021.
2026-08-12 20:32:05,199 [INFO] Download: Planaltina do Paraná (4119707) - Ano: 2022.
2026-08-12 20:32:05,202 [INFO] Download: Planaltina do Paraná (4119707) - Ano: 2023.
2026-08-12 20:32:05,204 [INFO] Download: Planalto (4119806) - Ano: 2021.
2026-08-12 20:32:05,206 [INFO] Download: Planalto (4119806) - Ano: 2022.
2026-08-12 20:32:05,208 [INFO] Download: Planalto (4119806) - Ano: 2023.
2026-08-12 20:32:05,210 [INFO] Download: Ponta Grossa (4119905) - Ano: 2021.
2026-08-12 20:32:05,212 [INFO] Download: Ponta Grossa (4119905) - Ano: 2022.
2026-08-12 20:32:05,216 [INFO] Download: Ponta Grossa (4119905) - Ano: 2023.
2026-08-12 20:32:05,219 [INFO] Download: Pontal do Paraná (4119954) - Ano: 2021.
2026-08-12 20:32:05,221 [INFO] Download: Pontal do Paraná (4119954) - Ano: 2022.
2026-08-12 20:32:05,223 [INFO] Download: Pontal do Paraná (4119954) - Ano: 2023.
2026-08-12 20:32:05,225 [INFO] Download: Porecatu (4120002) - Ano: 2021.
2026-08-12 20:32:05,227 [INFO] Download: Porecatu (4120002) - Ano: 2022.
2026-08-12 20:32:05,229 [INFO] Download: Porecatu (4120002) - Ano: 2023.
2026-08-12 20:32:05,232 [INFO] Download: Porto Amazonas (4120101) - Ano: 2021.
2026-08-12 20:32:05,235 [INFO] Download: Porto Amazonas (4120101) - Ano: 2022.
2026-08-12 20:32:05,237 [INFO] Download: Porto Amazonas (4120101) - Ano: 2023.
2026-08-12 20:32:05,239 [INFO] Download: Porto Barreiro (4120150) - Ano: 2021.
2026-08-12 20:32:05,241 [INFO] Download: Porto Barreiro (4120150) - Ano: 2022.
2026-08-12 20:32:05,244 [INFO] Download: Porto Barreiro (4120150) - Ano: 2023.
2026-08-12 20:32:05,246 [INFO] Download: Porto Rico (4120200) - Ano: 2021.
2026-08-12 20:32:05,249 [INFO] Download: Porto Rico (4120200) - Ano: 2022.
2026-08-12 20:32:05,252 [INFO] Download: Porto Rico (4120200) - Ano: 2023.
2026-08-12 20:32:05,254 [INFO] Download: Porto Vitória (4120309) - Ano: 2021.
2026-08-12 20:32:05,256 [INFO] Download: Porto Vitória (4120309) - Ano: 2022.
2026-08-12 20:32:05,258 [INFO] Download: Porto Vitória (4120309) - Ano: 2023.
2026-08-12 20:32:05,261 [INFO] Download: Prado Ferreira (4120333) - Ano: 2021.
2026-08-12 20:32:05,263 [INFO] Download: Prado Ferreira (4120333) - Ano: 2022.
2026-08-12 20:32:05,266 [INFO] Download: Prado Ferreira (4120333) - Ano: 2023.
2026-08-12 20:32:05,269 [INFO] Download: Pranchita (4120358) - Ano: 2021.
2026-08-12 20:32:05,271 [INFO] Download: Pranchita (4120358) - Ano: 2022.
2026-08-12 20:32:05,273 [INFO] Download: Pranchita (4120358) - Ano: 2023.
2026-08-12 20:32:05,275 [INFO] Download: Presidente Castelo Branco (4120408) - Ano: 2021.
2026-08-12 20:32:05,278 [INFO] Download: Presidente Castelo Branco (4120408) - Ano: 2022.
2026-08-12 20:32:05,280 [INFO] Download: Presidente Castelo Branco (4120408) - Ano: 2023.
2026-08-12 20:32:05,283 [INFO] Download: Primeiro de Maio (4120507) - Ano: 2021.
2026-08-12 20:32:05,286 [INFO] Download: Primeiro de Maio (4120507) - Ano: 2022.
2026-08-12 20:32:05,288 [INFO] Download: Primeiro de Maio (4120507) - Ano: 2023.
2026-08-12 20:32:05,290 [INFO] Download: Prudentópolis (4120606) - Ano: 2021.
2026-08-12 20:32:05,292 [INFO] Download: Prudentópolis (4120606) - Ano: 2022.
2026-08-12 20:32:05,295 [INFO] Download: Prudentópolis (4120606) - Ano: 2023.
2026-08-12 20:32:05,297 [INFO] Download: Quarto Centenário (4120655) - Ano: 2021.
2026-08-12 20:32:05,300 [INFO] Download: Quarto Centenário (4120655) - Ano: 2022.
2026-08-12 20:32:05,303 [INFO] Download: Quarto Centenário (4120655) - Ano: 2023.
2026-08-12 20:32:05,305 [INFO] Download: Quatiguá (4120705) - Ano: 2021.
2026-08-12 20:32:05,307 [INFO] Download: Quatiguá (4120705) - Ano: 2022.
2026-08-12 20:32:05,309 [INFO] Download: Quatiguá (4120705) - Ano: 2023.
2026-08-12 20:32:05,312 [INFO] Download: Quatro Barras (4120804) - Ano: 2021.
2026-08-12 20:32:05,314 [INFO] Download: Quatro Barras (4120804) - Ano: 2022.
2026-08-12 20:32:05,318 [INFO] Download: Quatro Barras (4120804) - Ano: 2023.
2026-08-12 20:32:05,320 [INFO] Download: Quatro Pontes (4120853) - Ano: 2021.
2026-08-12 20:32:05,322 [INFO] Download: Quatro Pontes (4120853) - Ano: 2022.
2026-08-12 20:32:05,324 [INFO] Download: Quatro Pontes (4120853) - Ano: 2023.
2026-08-12 20:32:05,327 [INFO] Download: Quedas do Iguaçu (4120903) - Ano: 2021.
2026-08-12 20:32:05,329 [INFO] Download: Quedas do Iguaçu (4120903) - Ano: 2022.
2026-08-12 20:32:05,332 [INFO] Download: Quedas do Iguaçu (4120903) - Ano: 2023.
2026-08-12 20:32:05,335 [INFO] Download: Querência do Norte (4121000) - Ano: 2021.
2026-08-12 20:32:05,338 [INFO] Download: Querência do Norte (4121000) - Ano: 2022.
2026-08-12 20:32:05,340 [INFO] Download: Querência do Norte (4121000) - Ano: 2023.
2026-08-12 20:32:05,342 [INFO] Download: Quinta do Sol (4121109) - Ano: 2021.
2026-08-12 20:32:05,344 [INFO] Download: Quinta do Sol (4121109) - Ano: 2022.
2026-08-12 20:32:05,347 [INFO] Download: Quinta do Sol (4121109) - Ano: 2023.
2026-08-12 20:32:05,463 [INFO] Download: Quitandinha (4121208) - Ano: 2021.
2026-08-12 20:32:05,474 [INFO] Download: Quitandinha (4121208) - Ano: 2022.
2026-08-12 20:32:05,476 [INFO] Download: Quitandinha (4121208) - Ano: 2023.
2026-08-12 20:32:05,479 [INFO] Download: Ramilândia (4121257) - Ano: 2021.
2026-08-12 20:32:05,481 [INFO] Download: Ramilândia (4121257) - Ano: 2022.
2026-08-12 20:32:05,484 [INFO] Download: Ramilândia (4121257) - Ano: 2023.
2026-08-12 20:32:05,505 [INFO] Download: Rancho Alegre (4121307) - Ano: 2021.
2026-08-12 20:32:05,510 [INFO] Download: Rancho Alegre (4121307) - Ano: 2022.
2026-08-12 20:32:05,512 [INFO] Download: Rancho Alegre (4121307) - Ano: 2023.
2026-08-12 20:32:05,517 [INFO] Download: Rancho Alegre D'Oeste (4121356) - Ano: 2021.
2026-08-12 20:32:05,521 [INFO] Download: Rancho Alegre D'Oeste (4121356) - Ano: 2022.
2026-08-12 20:32:05,523 [INFO] Download: Rancho Alegre D'Oeste (4121356) - Ano: 2023.
2026-08-12 20:32:05,526 [INFO] Download: Realeza (4121406) - Ano: 2021.
2026-08-12 20:32:05,529 [INFO] Download: Realeza (4121406) - Ano: 2022.
2026-08-12 20:32:05,532 [INFO] Download: Realeza (4121406) - Ano: 2023.
2026-08-12 20:32:05,536 [INFO] Download: Rebouças (4121505) - Ano: 2021.
2026-08-12 20:32:05,539 [INFO] Download: Rebouças (4121505) - Ano: 2022.
2026-08-12 20:32:05,541 [INFO] Download: Rebouças (4121505) - Ano: 2023.
2026-08-12 20:32:05,544 [INFO] Download: Renascença (4121604) - Ano: 2021.
2026-08-12 20:32:05,549 [INFO] Download: Renascença (4121604) - Ano: 2022.
2026-08-12 20:32:05,552 [INFO] Download: Renascença (4121604) - Ano: 2023.
2026-08-12 20:32:05,559 [INFO] Download: Reserva (4121703) - Ano: 2021.
2026-08-12 20:32:05,561 [INFO] Download: Reserva (4121703) - Ano: 2022.
2026-08-12 20:32:05,565 [INFO] Download: Reserva (4121703) - Ano: 2023.
2026-08-12 20:32:05,569 [INFO] Download: Reserva do Iguaçu (4121752) - Ano: 2021.
2026-08-12 20:32:05,571 [INFO] Download: Reserva do Iguaçu (4121752) - Ano: 2022.
2026-08-12 20:32:05,573 [INFO] Download: Reserva do Iguaçu (4121752) - Ano: 2023.
2026-08-12 20:32:05,575 [INFO] Download: Ribeirão Claro (4121802) - Ano: 2021.
2026-08-12 20:32:05,578 [INFO] Download: Ribeirão Claro (4121802) - Ano: 2022.
2026-08-12 20:32:05,580 [INFO] Download: Ribeirão Claro (4121802) - Ano: 2023.
2026-08-12 20:32:05,584 [INFO] Download: Ribeirão do Pinhal (4121901) - Ano: 2021.
2026-08-12 20:32:05,586 [INFO] Download: Ribeirão do Pinhal (4121901) - Ano: 2022.
2026-08-12 20:32:05,588 [INFO] Download: Ribeirão do Pinhal (4121901) - Ano: 2023.
2026-08-12 20:32:05,590 [INFO] Download: Rio Azul (4122008) - Ano: 2021.
2026-08-12 20:32:05,592 [INFO] Download: Rio Azul (4122008) - Ano: 2022.
2026-08-12 20:32:05,594 [INFO] Download: Rio Azul (4122008) - Ano: 2023.
2026-08-12 20:32:05,597 [INFO] Download: Rio Bom (4122107) - Ano: 2021.
2026-08-12 20:32:05,601 [INFO] Download: Rio Bom (4122107) - Ano: 2022.
2026-08-12 20:32:05,603 [INFO] Download: Rio Bom (4122107) - Ano: 2023.
2026-08-12 20:32:05,605 [INFO] Download: Rio Bonito do Iguaçu (4122156) - Ano: 2021.
2026-08-12 20:32:05,607 [INFO] Download: Rio Bonito do Iguaçu (4122156) - Ano: 2022.
2026-08-12 20:32:05,609 [INFO] Download: Rio Bonito do Iguaçu (4122156) - Ano: 2023.
2026-08-12 20:32:05,612 [INFO] Download: Rio Branco do Ivaí (4122172) - Ano: 2021.
2026-08-12 20:32:05,615 [INFO] Download: Rio Branco do Ivaí (4122172) - Ano: 2022.
2026-08-12 20:32:05,618 [INFO] Download: Rio Branco do Ivaí (4122172) - Ano: 2023.
2026-08-12 20:32:05,621 [INFO] Download: Rio Branco do Sul (4122206) - Ano: 2021.
2026-08-12 20:32:05,623 [INFO] Download: Rio Branco do Sul (4122206) - Ano: 2022.
2026-08-12 20:32:05,625 [INFO] Download: Rio Branco do Sul (4122206) - Ano: 2023.
2026-08-12 20:32:05,627 [INFO] Download: Rio Negro (4122305) - Ano: 2021.
2026-08-12 20:32:05,629 [INFO] Download: Rio Negro (4122305) - Ano: 2022.
2026-08-12 20:32:05,632 [INFO] Download: Rio Negro (4122305) - Ano: 2023.
2026-08-12 20:32:05,635 [INFO] Download: Rolândia (4122404) - Ano: 2021.
2026-08-12 20:32:05,637 [INFO] Download: Rolândia (4122404) - Ano: 2022.
2026-08-12 20:32:05,639 [INFO] Download: Rolândia (4122404) - Ano: 2023.
2026-08-12 20:32:05,641 [INFO] Download: Roncador (4122503) - Ano: 2021.
2026-08-12 20:32:05,643 [INFO] Download: Roncador (4122503) - Ano: 2022.
2026-08-12 20:32:05,646 [INFO] Download: Roncador (4122503) - Ano: 2023.
2026-08-12 20:32:05,648 [INFO] Download: Rondon (4122602) - Ano: 2021.
2026-08-12 20:32:05,651 [INFO] Download: Rondon (4122602) - Ano: 2022.
2026-08-12 20:32:05,654 [INFO] Download: Rondon (4122602) - Ano: 2023.
2026-08-12 20:32:05,656 [INFO] Download: Rosário do Ivaí (4122651) - Ano: 2021.
2026-08-12 20:32:05,658 [INFO] Download: Rosário do Ivaí (4122651) - Ano: 2022.
2026-08-12 20:32:05,660 [INFO] Download: Rosário do Ivaí (4122651) - Ano: 2023.
2026-08-12 20:32:05,663 [INFO] Download: Sabáudia (4122701) - Ano: 2021.
2026-08-12 20:32:05,666 [INFO] Download: Sabáudia (4122701) - Ano: 2022.
2026-08-12 20:32:05,668 [INFO] Download: Sabáudia (4122701) - Ano: 2023.
2026-08-12 20:32:05,671 [INFO] Download: Salgado Filho (4122800) - Ano: 2021.
2026-08-12 20:32:05,673 [INFO] Download: Salgado Filho (4122800) - Ano: 2022.
2026-08-12 20:32:05,675 [INFO] Download: Salgado Filho (4122800) - Ano: 2023.
2026-08-12 20:32:05,677 [INFO] Download: Salto do Itararé (4122909) - Ano: 2021.
2026-08-12 20:32:05,680 [INFO] Download: Salto do Itararé (4122909) - Ano: 2022.
2026-08-12 20:32:05,683 [INFO] Download: Salto do Itararé (4122909) - Ano: 2023.
2026-08-12 20:32:05,686 [INFO] Download: Salto do Lontra (4123006) - Ano: 2021.
2026-08-12 20:32:05,689 [INFO] Download: Salto do Lontra (4123006) - Ano: 2022.
2026-08-12 20:32:05,691 [INFO] Download: Salto do Lontra (4123006) - Ano: 2023.
2026-08-12 20:32:05,693 [INFO] Download: Santa Amélia (4123105) - Ano: 2021.
2026-08-12 20:32:05,695 [INFO] Download: Santa Amélia (4123105) - Ano: 2022.
2026-08-12 20:32:05,698 [INFO] Download: Santa Amélia (4123105) - Ano: 2023.
2026-08-12 20:32:05,701 [INFO] Download: Santa Cecília do Pavão (4123204) - Ano: 2021.
2026-08-12 20:32:05,703 [INFO] Download: Santa Cecília do Pavão (4123204) - Ano: 2022.
2026-08-12 20:32:05,705 [INFO] Download: Santa Cecília do Pavão (4123204) - Ano: 2023.
2026-08-12 20:32:05,708 [INFO] Download: Santa Cruz de Monte Castelo (4123303) - Ano: 2021.
2026-08-12 20:32:05,710 [INFO] Download: Santa Cruz de Monte Castelo (4123303) - Ano: 2022.
2026-08-12 20:32:05,712 [INFO] Download: Santa Cruz de Monte Castelo (4123303) - Ano: 2023.
2026-08-12 20:32:05,714 [INFO] Download: Santa Fé (4123402) - Ano: 2021.
2026-08-12 20:32:05,718 [INFO] Download: Santa Fé (4123402) - Ano: 2022.
2026-08-12 20:32:05,720 [INFO] Download: Santa Fé (4123402) - Ano: 2023.
2026-08-12 20:32:05,723 [INFO] Download: Santa Helena (4123501) - Ano: 2021.
2026-08-12 20:32:05,725 [INFO] Download: Santa Helena (4123501) - Ano: 2022.
2026-08-12 20:32:05,727 [INFO] Download: Santa Helena (4123501) - Ano: 2023.
2026-08-12 20:32:05,729 [INFO] Download: Santa Inês (4123600) - Ano: 2021.
2026-08-12 20:32:05,733 [INFO] Download: Santa Inês (4123600) - Ano: 2022.
2026-08-12 20:32:05,736 [INFO] Download: Santa Inês (4123600) - Ano: 2023.
2026-08-12 20:32:05,738 [INFO] Download: Santa Isabel do Ivaí (4123709) - Ano: 2021.
2026-08-12 20:32:05,740 [INFO] Download: Santa Isabel do Ivaí (4123709) - Ano: 2022.
2026-08-12 20:32:05,742 [INFO] Download: Santa Isabel do Ivaí (4123709) - Ano: 2023.
2026-08-12 20:32:05,744 [INFO] Download: Santa Izabel do Oeste (4123808) - Ano: 2021.
2026-08-12 20:32:05,747 [INFO] Download: Santa Izabel do Oeste (4123808) - Ano: 2022.
2026-08-12 20:32:05,751 [INFO] Download: Santa Izabel do Oeste (4123808) - Ano: 2023.
2026-08-12 20:32:05,753 [INFO] Download: Santa Lúcia (4123824) - Ano: 2021.
2026-08-12 20:32:05,755 [INFO] Download: Santa Lúcia (4123824) - Ano: 2022.
2026-08-12 20:32:05,757 [INFO] Download: Santa Lúcia (4123824) - Ano: 2023.
2026-08-12 20:32:05,760 [INFO] Download: Santa Maria do Oeste (4123857) - Ano: 2021.
2026-08-12 20:32:05,761 [INFO] Download: Santa Maria do Oeste (4123857) - Ano: 2022.
2026-08-12 20:32:05,764 [INFO] Download: Santa Maria do Oeste (4123857) - Ano: 2023.
2026-08-12 20:32:05,769 [INFO] Download: Santa Mariana (4123907) - Ano: 2021.
2026-08-12 20:32:05,771 [INFO] Download: Santa Mariana (4123907) - Ano: 2022.
2026-08-12 20:32:05,773 [INFO] Download: Santa Mariana (4123907) - Ano: 2023.
2026-08-12 20:32:05,775 [INFO] Download: Santa Mônica (4123956) - Ano: 2021.
2026-08-12 20:32:05,777 [INFO] Download: Santa Mônica (4123956) - Ano: 2022.
2026-08-12 20:32:05,779 [INFO] Download: Santa Mônica (4123956) - Ano: 2023.
2026-08-12 20:32:05,783 [INFO] Download: Santana do Itararé (4124004) - Ano: 2021.
2026-08-12 20:32:05,786 [INFO] Download: Santana do Itararé (4124004) - Ano: 2022.
2026-08-12 20:32:05,788 [INFO] Download: Santana do Itararé (4124004) - Ano: 2023.
2026-08-12 20:32:05,790 [INFO] Download: Santa Tereza do Oeste (4124020) - Ano: 2021.
2026-08-12 20:32:05,792 [INFO] Download: Santa Tereza do Oeste (4124020) - Ano: 2022.
2026-08-12 20:32:05,795 [INFO] Download: Santa Tereza do Oeste (4124020) - Ano: 2023.
2026-08-12 20:32:05,797 [INFO] Download: Santa Terezinha de Itaipu (4124053) - Ano: 2021.
2026-08-12 20:32:05,801 [INFO] Download: Santa Terezinha de Itaipu (4124053) - Ano: 2022.
2026-08-12 20:32:05,803 [INFO] Download: Santa Terezinha de Itaipu (4124053) - Ano: 2023.
2026-08-12 20:32:05,806 [INFO] Download: Santo Antônio da Platina (4124103) - Ano: 2021.
2026-08-12 20:32:05,807 [INFO] Download: Santo Antônio da Platina (4124103) - Ano: 2022.
2026-08-12 20:32:05,810 [INFO] Download: Santo Antônio da Platina (4124103) - Ano: 2023.
2026-08-12 20:32:05,812 [INFO] Download: Santo Antônio do Caiuá (4124202) - Ano: 2021.
2026-08-12 20:32:05,815 [INFO] Download: Santo Antônio do Caiuá (4124202) - Ano: 2022.
2026-08-12 20:32:05,818 [INFO] Download: Santo Antônio do Caiuá (4124202) - Ano: 2023.
2026-08-12 20:32:05,821 [INFO] Download: Santo Antônio do Paraíso (4124301) - Ano: 2021.
2026-08-12 20:32:05,823 [INFO] Download: Santo Antônio do Paraíso (4124301) - Ano: 2022.
2026-08-12 20:32:05,825 [INFO] Download: Santo Antônio do Paraíso (4124301) - Ano: 2023.
2026-08-12 20:32:05,827 [INFO] Download: Santo Antônio do Sudoeste (4124400) - Ano: 2021.
2026-08-12 20:32:05,830 [INFO] Download: Santo Antônio do Sudoeste (4124400) - Ano: 2022.
2026-08-12 20:32:05,833 [INFO] Download: Santo Antônio do Sudoeste (4124400) - Ano: 2023.
2026-08-12 20:32:05,835 [INFO] Download: Santo Inácio (4124509) - Ano: 2021.
2026-08-12 20:32:05,838 [INFO] Download: Santo Inácio (4124509) - Ano: 2022.
2026-08-12 20:32:05,840 [INFO] Download: Santo Inácio (4124509) - Ano: 2023.
2026-08-12 20:32:05,842 [INFO] Download: São Carlos do Ivaí (4124608) - Ano: 2021.
2026-08-12 20:32:05,844 [INFO] Download: São Carlos do Ivaí (4124608) - Ano: 2022.
2026-08-12 20:32:05,847 [INFO] Download: São Carlos do Ivaí (4124608) - Ano: 2023.
2026-08-12 20:32:05,850 [INFO] Download: São Jerônimo da Serra (4124707) - Ano: 2021.
2026-08-12 20:32:05,853 [INFO] Download: São Jerônimo da Serra (4124707) - Ano: 2022.
2026-08-12 20:32:05,855 [INFO] Download: São Jerônimo da Serra (4124707) - Ano: 2023.
2026-08-12 20:32:05,857 [INFO] Download: São João (4124806) - Ano: 2021.
2026-08-12 20:32:05,859 [INFO] Download: São João (4124806) - Ano: 2022.
2026-08-12 20:32:05,862 [INFO] Download: São João (4124806) - Ano: 2023.
2026-08-12 20:32:05,865 [INFO] Download: São João do Caiuá (4124905) - Ano: 2021.
2026-08-12 20:32:05,868 [INFO] Download: São João do Caiuá (4124905) - Ano: 2022.
2026-08-12 20:32:05,870 [INFO] Download: São João do Caiuá (4124905) - Ano: 2023.
2026-08-12 20:32:05,872 [INFO] Download: São João do Ivaí (4125001) - Ano: 2021.
2026-08-12 20:32:05,875 [INFO] Download: São João do Ivaí (4125001) - Ano: 2022.
2026-08-12 20:32:05,877 [INFO] Download: São João do Ivaí (4125001) - Ano: 2023.
2026-08-12 20:32:05,879 [INFO] Download: São João do Triunfo (4125100) - Ano: 2021.
2026-08-12 20:32:05,881 [INFO] Download: São João do Triunfo (4125100) - Ano: 2022.
2026-08-12 20:32:05,885 [INFO] Download: São João do Triunfo (4125100) - Ano: 2023.
2026-08-12 20:32:05,887 [INFO] Download: São Jorge d'Oeste (4125209) - Ano: 2021.
2026-08-12 20:32:05,889 [INFO] Download: São Jorge d'Oeste (4125209) - Ano: 2022.
2026-08-12 20:32:05,891 [INFO] Download: São Jorge d'Oeste (4125209) - Ano: 2023.
2026-08-12 20:32:05,894 [INFO] Download: São Jorge do Ivaí (4125308) - Ano: 2021.
2026-08-12 20:32:05,896 [INFO] Download: São Jorge do Ivaí (4125308) - Ano: 2022.
2026-08-12 20:32:05,899 [INFO] Download: São Jorge do Ivaí (4125308) - Ano: 2023.
2026-08-12 20:32:05,914 [INFO] Download: São Jorge do Patrocínio (4125357) - Ano: 2021.
2026-08-12 20:32:05,923 [INFO] Download: São Jorge do Patrocínio (4125357) - Ano: 2022.
2026-08-12 20:32:05,926 [INFO] Download: São Jorge do Patrocínio (4125357) - Ano: 2023.
2026-08-12 20:32:05,929 [INFO] Download: São José da Boa Vista (4125407) - Ano: 2021.
2026-08-12 20:32:05,932 [INFO] Download: São José da Boa Vista (4125407) - Ano: 2022.
2026-08-12 20:32:05,936 [INFO] Download: São José da Boa Vista (4125407) - Ano: 2023.
2026-08-12 20:32:05,939 [INFO] Download: São José das Palmeiras (4125456) - Ano: 2021.
2026-08-12 20:32:05,941 [INFO] Download: São José das Palmeiras (4125456) - Ano: 2022.
2026-08-12 20:32:05,943 [INFO] Download: São José das Palmeiras (4125456) - Ano: 2023.
2026-08-12 20:32:05,946 [INFO] Download: São José dos Pinhais (4125506) - Ano: 2021.
2026-08-12 20:32:05,949 [INFO] Download: São José dos Pinhais (4125506) - Ano: 2022.
2026-08-12 20:32:05,952 [INFO] Download: São José dos Pinhais (4125506) - Ano: 2023.
2026-08-12 20:32:05,955 [INFO] Download: São Manoel do Paraná (4125555) - Ano: 2021.
2026-08-12 20:32:05,957 [INFO] Download: São Manoel do Paraná (4125555) - Ano: 2022.
2026-08-12 20:32:05,959 [INFO] Download: São Manoel do Paraná (4125555) - Ano: 2023.
2026-08-12 20:32:05,961 [INFO] Download: São Mateus do Sul (4125605) - Ano: 2021.
2026-08-12 20:32:05,964 [INFO] Download: São Mateus do Sul (4125605) - Ano: 2022.
2026-08-12 20:32:05,967 [INFO] Download: São Mateus do Sul (4125605) - Ano: 2023.
2026-08-12 20:32:05,969 [INFO] Download: São Miguel do Iguaçu (4125704) - Ano: 2021.
2026-08-12 20:32:05,972 [INFO] Download: São Miguel do Iguaçu (4125704) - Ano: 2022.
2026-08-12 20:32:05,975 [INFO] Download: São Miguel do Iguaçu (4125704) - Ano: 2023.
2026-08-12 20:32:05,977 [INFO] Download: São Pedro do Iguaçu (4125753) - Ano: 2021.
2026-08-12 20:32:05,980 [INFO] Download: São Pedro do Iguaçu (4125753) - Ano: 2022.
2026-08-12 20:32:05,983 [INFO] Download: São Pedro do Iguaçu (4125753) - Ano: 2023.
2026-08-12 20:32:05,985 [INFO] Download: São Pedro do Ivaí (4125803) - Ano: 2021.
2026-08-12 20:32:05,989 [INFO] Download: São Pedro do Ivaí (4125803) - Ano: 2022.
2026-08-12 20:32:05,991 [INFO] Download: São Pedro do Ivaí (4125803) - Ano: 2023.
2026-08-12 20:32:05,993 [INFO] Download: São Pedro do Paraná (4125902) - Ano: 2021.
2026-08-12 20:32:05,995 [INFO] Download: São Pedro do Paraná (4125902) - Ano: 2022.
2026-08-12 20:32:05,998 [INFO] Download: São Pedro do Paraná (4125902) - Ano: 2023.
2026-08-12 20:32:06,001 [INFO] Download: São Sebastião da Amoreira (4126009) - Ano: 2021.
2026-08-12 20:32:06,003 [INFO] Download: São Sebastião da Amoreira (4126009) - Ano: 2022.
2026-08-12 20:32:06,005 [INFO] Download: São Sebastião da Amoreira (4126009) - Ano: 2023.
2026-08-12 20:32:06,008 [INFO] Download: São Tomé (4126108) - Ano: 2021.
2026-08-12 20:32:06,010 [INFO] Download: São Tomé (4126108) - Ano: 2022.
2026-08-12 20:32:06,012 [INFO] Download: São Tomé (4126108) - Ano: 2023.
2026-08-12 20:32:06,017 [INFO] Download: Sapopema (4126207) - Ano: 2021.
2026-08-12 20:32:06,021 [INFO] Download: Sapopema (4126207) - Ano: 2022.
2026-08-12 20:32:06,024 [INFO] Download: Sapopema (4126207) - Ano: 2023.
2026-08-12 20:32:06,027 [INFO] Download: Sarandi (4126256) - Ano: 2021.
2026-08-12 20:32:06,029 [INFO] Download: Sarandi (4126256) - Ano: 2022.
2026-08-12 20:32:06,033 [INFO] Download: Sarandi (4126256) - Ano: 2023.
2026-08-12 20:32:06,037 [INFO] Download: Saudade do Iguaçu (4126272) - Ano: 2021.
2026-08-12 20:32:06,040 [INFO] Download: Saudade do Iguaçu (4126272) - Ano: 2022.
2026-08-12 20:32:06,043 [INFO] Download: Saudade do Iguaçu (4126272) - Ano: 2023.
2026-08-12 20:32:06,048 [INFO] Download: Sengés (4126306) - Ano: 2021.
2026-08-12 20:32:06,059 [INFO] Download: Sengés (4126306) - Ano: 2022.
2026-08-12 20:32:06,061 [INFO] Download: Sengés (4126306) - Ano: 2023.
2026-08-12 20:32:06,065 [INFO] Download: Serranópolis do Iguaçu (4126355) - Ano: 2021.
2026-08-12 20:32:06,068 [INFO] Download: Serranópolis do Iguaçu (4126355) - Ano: 2022.
2026-08-12 20:32:06,070 [INFO] Download: Serranópolis do Iguaçu (4126355) - Ano: 2023.
2026-08-12 20:32:06,073 [INFO] Download: Sertaneja (4126405) - Ano: 2021.
2026-08-12 20:32:06,076 [INFO] Download: Sertaneja (4126405) - Ano: 2022.
2026-08-12 20:32:06,078 [INFO] Download: Sertaneja (4126405) - Ano: 2023.
2026-08-12 20:32:06,082 [INFO] Download: Sertanópolis (4126504) - Ano: 2021.
2026-08-12 20:32:06,085 [INFO] Download: Sertanópolis (4126504) - Ano: 2022.
2026-08-12 20:32:06,088 [INFO] Download: Sertanópolis (4126504) - Ano: 2023.
2026-08-12 20:32:06,091 [INFO] Download: Siqueira Campos (4126603) - Ano: 2021.
2026-08-12 20:32:06,093 [INFO] Download: Siqueira Campos (4126603) - Ano: 2022.
2026-08-12 20:32:06,095 [INFO] Download: Siqueira Campos (4126603) - Ano: 2023.
2026-08-12 20:32:06,101 [INFO] Download: Sulina (4126652) - Ano: 2021.
2026-08-12 20:32:06,103 [INFO] Download: Sulina (4126652) - Ano: 2022.
2026-08-12 20:32:06,106 [INFO] Download: Sulina (4126652) - Ano: 2023.
2026-08-12 20:32:06,109 [INFO] Download: Tamarana (4126678) - Ano: 2021.
2026-08-12 20:32:06,111 [INFO] Download: Tamarana (4126678) - Ano: 2022.
2026-08-12 20:32:06,114 [INFO] Download: Tamarana (4126678) - Ano: 2023.
2026-08-12 20:32:06,118 [INFO] Download: Tamboara (4126702) - Ano: 2021.
2026-08-12 20:32:06,120 [INFO] Download: Tamboara (4126702) - Ano: 2022.
2026-08-12 20:32:06,123 [INFO] Download: Tamboara (4126702) - Ano: 2023.
2026-08-12 20:32:06,126 [INFO] Download: Tapejara (4126801) - Ano: 2021.
2026-08-12 20:32:06,128 [INFO] Download: Tapejara (4126801) - Ano: 2022.
2026-08-12 20:32:06,131 [INFO] Download: Tapejara (4126801) - Ano: 2023.
2026-08-12 20:32:06,135 [INFO] Download: Tapira (4126900) - Ano: 2021.
2026-08-12 20:32:06,137 [INFO] Download: Tapira (4126900) - Ano: 2022.
2026-08-12 20:32:06,140 [INFO] Download: Tapira (4126900) - Ano: 2023.
2026-08-12 20:32:06,142 [INFO] Download: Teixeira Soares (4127007) - Ano: 2021.
2026-08-12 20:32:06,144 [INFO] Download: Teixeira Soares (4127007) - Ano: 2022.
2026-08-12 20:32:06,147 [INFO] Download: Teixeira Soares (4127007) - Ano: 2023.
2026-08-12 20:32:06,151 [INFO] Download: Telêmaco Borba (4127106) - Ano: 2021.
2026-08-12 20:32:06,153 [INFO] Download: Telêmaco Borba (4127106) - Ano: 2022.
2026-08-12 20:32:06,155 [INFO] Download: Telêmaco Borba (4127106) - Ano: 2023.
2026-08-12 20:32:06,158 [INFO] Download: Terra Boa (4127205) - Ano: 2021.
2026-08-12 20:32:06,160 [INFO] Download: Terra Boa (4127205) - Ano: 2022.
2026-08-12 20:32:06,162 [INFO] Download: Terra Boa (4127205) - Ano: 2023.
2026-08-12 20:32:06,165 [INFO] Download: Terra Rica (4127304) - Ano: 2021.
2026-08-12 20:32:06,169 [INFO] Download: Terra Rica (4127304) - Ano: 2022.
2026-08-12 20:32:06,171 [INFO] Download: Terra Rica (4127304) - Ano: 2023.
2026-08-12 20:32:06,173 [INFO] Download: Terra Roxa (4127403) - Ano: 2021.
2026-08-12 20:32:06,176 [INFO] Download: Terra Roxa (4127403) - Ano: 2022.
2026-08-12 20:32:06,178 [INFO] Download: Terra Roxa (4127403) - Ano: 2023.
2026-08-12 20:32:06,180 [INFO] Download: Tibagi (4127502) - Ano: 2021.
2026-08-12 20:32:06,184 [INFO] Download: Tibagi (4127502) - Ano: 2022.
2026-08-12 20:32:06,186 [INFO] Download: Tibagi (4127502) - Ano: 2023.
2026-08-12 20:32:06,188 [INFO] Download: Tijucas do Sul (4127601) - Ano: 2021.
2026-08-12 20:32:06,190 [INFO] Download: Tijucas do Sul (4127601) - Ano: 2022.
2026-08-12 20:32:06,193 [INFO] Download: Tijucas do Sul (4127601) - Ano: 2023.
2026-08-12 20:32:06,195 [INFO] Download: Toledo (4127700) - Ano: 2021.
2026-08-12 20:32:06,197 [INFO] Download: Toledo (4127700) - Ano: 2022.
2026-08-12 20:32:06,201 [INFO] Download: Toledo (4127700) - Ano: 2023.
2026-08-12 20:32:06,203 [INFO] Download: Tomazina (4127809) - Ano: 2021.
2026-08-12 20:32:06,205 [INFO] Download: Tomazina (4127809) - Ano: 2022.
2026-08-12 20:32:06,207 [INFO] Download: Tomazina (4127809) - Ano: 2023.
2026-08-12 20:32:06,210 [INFO] Download: Três Barras do Paraná (4127858) - Ano: 2021.
2026-08-12 20:32:06,212 [INFO] Download: Três Barras do Paraná (4127858) - Ano: 2022.
2026-08-12 20:32:06,214 [INFO] Download: Três Barras do Paraná (4127858) - Ano: 2023.
2026-08-12 20:32:06,219 [INFO] Download: Tunas do Paraná (4127882) - Ano: 2021.
2026-08-12 20:32:06,221 [INFO] Download: Tunas do Paraná (4127882) - Ano: 2022.
2026-08-12 20:32:06,223 [INFO] Download: Tunas do Paraná (4127882) - Ano: 2023.
2026-08-12 20:32:06,226 [INFO] Download: Tuneiras do Oeste (4127908) - Ano: 2021.
2026-08-12 20:32:06,228 [INFO] Download: Tuneiras do Oeste (4127908) - Ano: 2022.
2026-08-12 20:32:06,230 [INFO] Download: Tuneiras do Oeste (4127908) - Ano: 2023.
2026-08-12 20:32:06,234 [INFO] Download: Tupãssi (4127957) - Ano: 2021.
2026-08-12 20:32:06,237 [INFO] Download: Tupãssi (4127957) - Ano: 2022.
2026-08-12 20:32:06,238 [INFO] Download: Tupãssi (4127957) - Ano: 2023.
2026-08-12 20:32:06,241 [INFO] Download: Turvo (4127965) - Ano: 2021.
2026-08-12 20:32:06,243 [INFO] Download: Turvo (4127965) - Ano: 2022.
2026-08-12 20:32:06,245 [INFO] Download: Turvo (4127965) - Ano: 2023.
2026-08-12 20:32:06,248 [INFO] Download: Ubiratã (4128005) - Ano: 2021.
2026-08-12 20:32:06,252 [INFO] Download: Ubiratã (4128005) - Ano: 2022.
2026-08-12 20:32:06,253 [INFO] Download: Ubiratã (4128005) - Ano: 2023.
2026-08-12 20:32:06,255 [INFO] Download: Umuarama (4128104) - Ano: 2021.
2026-08-12 20:32:06,258 [INFO] Download: Umuarama (4128104) - Ano: 2022.
2026-08-12 20:32:06,260 [INFO] Download: Umuarama (4128104) - Ano: 2023.
2026-08-12 20:32:06,262 [INFO] Download: União da Vitória (4128203) - Ano: 2021.
2026-08-12 20:32:06,265 [INFO] Download: União da Vitória (4128203) - Ano: 2022.
2026-08-12 20:32:06,269 [INFO] Download: União da Vitória (4128203) - Ano: 2023.
2026-08-12 20:32:06,271 [INFO] Download: Uniflor (4128302) - Ano: 2021.
2026-08-12 20:32:06,273 [INFO] Download: Uniflor (4128302) - Ano: 2022.
2026-08-12 20:32:06,275 [INFO] Download: Uniflor (4128302) - Ano: 2023.
2026-08-12 20:32:06,278 [INFO] Download: Uraí (4128401) - Ano: 2021.
2026-08-12 20:32:06,280 [INFO] Download: Uraí (4128401) - Ano: 2022.
2026-08-12 20:32:06,285 [INFO] Download: Uraí (4128401) - Ano: 2023.
2026-08-12 20:32:06,287 [INFO] Download: Wenceslau Braz (4128500) - Ano: 2021.
2026-08-12 20:32:06,289 [INFO] Download: Wenceslau Braz (4128500) - Ano: 2022.
2026-08-12 20:32:06,291 [INFO] Download: Wenceslau Braz (4128500) - Ano: 2023.
2026-08-12 20:32:06,294 [INFO] Download: Ventania (4128534) - Ano: 2021.
2026-08-12 20:32:06,296 [INFO] Download: Ventania (4128534) - Ano: 2022.
2026-08-12 20:32:06,300 [INFO] Download: Ventania (4128534) - Ano: 2023.
2026-08-12 20:32:06,303 [INFO] Download: Vera Cruz do Oeste (4128559) - Ano: 2021.
2026-08-12 20:32:06,305 [INFO] Download: Vera Cruz do Oeste (4128559) - Ano: 2022.
2026-08-12 20:32:06,306 [INFO] Download: Vera Cruz do Oeste (4128559) - Ano: 2023.
2026-08-12 20:32:06,309 [INFO] Download: Verê (4128609) - Ano: 2021.
2026-08-12 20:32:06,311 [INFO] Download: Verê (4128609) - Ano: 2022.
2026-08-12 20:32:06,314 [INFO] Download: Verê (4128609) - Ano: 2023.
2026-08-12 20:32:06,317 [INFO] Download: Alto Paraíso (4128625) - Ano: 2021.
2026-08-12 20:32:06,320 [INFO] Download: Alto Paraíso (4128625) - Ano: 2022.
2026-08-12 20:32:06,322 [INFO] Download: Alto Paraíso (4128625) - Ano: 2023.
2026-08-12 20:32:06,324 [INFO] Download: Doutor Ulysses (4128633) - Ano: 2021.
2026-08-12 20:32:06,326 [INFO] Download: Doutor Ulysses (4128633) - Ano: 2022.
2026-08-12 20:32:06,329 [INFO] Download: Doutor Ulysses (4128633) - Ano: 2023.
2026-08-12 20:32:06,332 [INFO] Download: Virmond (4128658) - Ano: 2021.
2026-08-12 20:32:06,335 [INFO] Download: Virmond (4128658) - Ano: 2022.
2026-08-12 20:32:06,337 [INFO] Download: Virmond (4128658) - Ano: 2023.
2026-08-12 20:32:06,339 [INFO] Download: Vitorino (4128708) - Ano: 2021.
2026-08-12 20:32:06,341 [INFO] Download: Vitorino (4128708) - Ano: 2022.
2026-08-12 20:32:06,344 [INFO] Download: Vitorino (4128708) - Ano: 2023.
2026-08-12 20:32:06,346 [INFO] Download: Xambrê (4128807) - Ano: 2021.
2026-08-12 20:32:06,349 [INFO] Download: Xambrê (4128807) - Ano: 2022.
2026-08-12 20:32:06,352 [INFO] Download: Xambrê (4128807) - Ano: 2023.
2026-08-12 20:32:40,144 [WARNING] [4103602-2021] Rede/Timeout: HTTPSConnectionPool(host='apidatalake.tesouro.gov.br', port=443): Max retries exceeded with url: /ords/siconfi/tt/dca?an_exercicio=2021&id_ente=4106902&no_anexo=DCA-Anexo+I-C&limit=5000&offset=0 (Caused by NewConnectionError("HTTPSConnection(host='apidatalake.tesouro.gov.br', port=443): Failed to establish a new connection: [Errno 101] Network is unreachable")). Retry 1 / 3. Esperando 1s.
2026-08-12 20:35:43,509 [INFO] Etapa 1 (Extract) concluída com sucesso!
